record_id,jurisdiction,county,population,population_year,initiative,pillar,category,technology,department,audience,vendor,product,lifecycle_status,ai_role,genai_on_homepage,public_note,dataset_origin,source_url,source_domain,source_type,source_verification,additional_source_urls
ncs-b3158c065cb0,Apex,Wake,80419,2024,Ask Apex,Civic & Community,"Parks, Recreation and Cultural Resources",AI Chatbot & Search,"Parks, Recreation and Cultural Resources",Public Facing,Polimorphic,AI Chatbot & Search,Unconfirmed,AI-primary or AI-dependent,No,,Municipal AI study,https://apexnc.org/223/Parks-Recreation-Cultural-Resources,apexnc.org,Municipal or government website,Source present; status not audited,
ncs-6fb61ee42da7,Apex,Wake,80419,,Ask Apex CRM (Customer Relationship Management),Civic & Community,Community Engagement,311 & Crowdsourcing Civic Apps,Community Engagement,Public Facing,,,Unconfirmed,No AI signal in published fields,No,,Smart City study,https://www.apexnc.org/DocumentCenter/View/50713,apexnc.org,Municipal or government website,Marked verified in working data,
ncs-c251c3693076,Apex,Wake,80419,,Electronic Plan Review,Civic & Community,Citizen Services,Digital Permitting & E-Government,Citizen Services,Public Facing,GeoCivix (IDTPlans),Electronic Plan Review Software (idtPlans Review),Unconfirmed,No AI signal in published fields,No,,Smart City study,https://www.apexnc.org/195/Electronic-Plan-Review,apexnc.org,Municipal or government website,Marked verified in working data,
ncs-774f9bedf26e,Apex,Wake,80419,,eSuitePermits,Civic & Community,Citizen Services,Digital Permitting & E-Government,Citizen Services,Public Facing,Tyler Technologies,,Unconfirmed,No AI signal in published fields,No,,Smart City study,https://secure.apexnc.org/eSuite.Permits/WelcomePage.aspx,secure.apexnc.org,Municipal or government website,Marked verified in working data,
ncs-06c5869096ba,Apex,Wake,80419,,Municipal Website Platform (CMS),Civic & Community,Citizen Services,Digital Permitting & E-Government,Citizen Services,Public Facing,CivicPlus,Municipal Websites (CivicEngage),Unconfirmed,AI-capable; use unconfirmed,No,,Smart City study,https://www.apexnc.org/,apexnc.org,Municipal or government website,Marked verified in working data,
ncs-586d1afeca75,Apex,Wake,80419,,MyServices,Civic & Community,Citizen Services,Digital Permitting & E-Government,Citizen Services,Public Facing,,,Unconfirmed,No AI signal in published fields,No,,Smart City study,https://www.apexnc.org/2164/MyServices,apexnc.org,Municipal or government website,Marked verified in working data,
ncs-b7a2ae48f3b8,Apex,Wake,80419,,Parks Real-Time Usage App,Civic & Community,Parks & Recreation,Smart Parks & Trail Counters,Parks & Recreation,Public Facing,,,Unconfirmed,No AI signal in published fields,No,,Smart City study,https://www.apexnc.org/DocumentCenter/View/50713,apexnc.org,Municipal or government website,Marked verified in working data,
ncs-9707077df69c,Apex,Wake,80419,,Salem Street Interactive Displays,Civic & Community,Community Engagement,Smart Kiosks,Community Engagement,Public Facing,,,Operational,No AI signal in published fields,No,,Smart City study,https://www.apexnc.org/DocumentCenter/View/50713,apexnc.org,Municipal or government website,Marked verified in working data,
ncs-dbe8fed4954e,Apex,Wake,80419,,Website Chat & Voice Bots,Civic & Community,Citizen Services,AI Chatbots & Voice UI,Citizen Services,Public Facing,Polimorphic,Polimorphic AI,Unconfirmed,AI-primary or AI-dependent,No,,Smart City study,https://www.apexnc.org/DocumentCenter/View/50713,apexnc.org,Municipal or government website,Marked verified in working data,
ncs-169af3ba9a2c,Apex,Wake,80419,,Cybersecurity & Incident Response Tools,Digital Governance & Technology,Cybersecurity,Cybersecurity & AI Governance,Cybersecurity,Internal,,,Unconfirmed,AI-primary or AI-dependent,No,,Smart City study,https://www.apexnc.org/DocumentCenter/View/50713,apexnc.org,Municipal or government website,Marked verified in working data,
ncs-0b7e82e9c7b1,Apex,Wake,80419,,Fiber Ready Corridors,Digital Governance & Technology,Broadband & Connectivity,Public WiFi & Broadband Expansion,Broadband & Connectivity,Public Facing,AT&T,,Unconfirmed,No AI signal in published fields,No,,Smart City study,https://www.apexnc.org/993/Fiber-Ready-Corridors,apexnc.org,Municipal or government website,Marked verified in working data,
ncs-127dcdbe3c2d,Apex,Wake,80419,,Generative AI Tools,Digital Governance & Technology,"Data, AI & Innovation",AI Copilots,"Data, AI & Innovation",Internal,,,Pilot,AI-assisted workflow,No,,Smart City study,https://www.apexnc.org/DocumentCenter/View/50713,apexnc.org,Municipal or government website,Marked verified in working data,
ncs-711952059607,Apex,Wake,80419,,Geographic Information System (GIS),Digital Governance & Technology,GIS & Planning,Enterprise GIS,GIS & Planning,Public Facing,Esri,ArcGIS Enterprise,Unconfirmed,No AI signal in published fields,No,,Smart City study,https://meetings.municode.com/adaHtmlDocument/index?cc=APEXNC&me=70d572a261c34623b43c9a8d43ed5adc&ip=true,meetings.municode.com,Public organization or vendor,Not marked verified,
ncs-984aae037569,Apex,Wake,80419,,Geographic Information System (GIS),Digital Governance & Technology,GIS & Planning,Enterprise GIS,GIS & Planning,Internal,Esri,ArcGIS Pro,Unconfirmed,No AI signal in published fields,No,,Smart City study,https://mccmeetingspublic.blob.core.usgovcloudapi.net/apexnc-meet-70d572a261c34623b43c9a8d43ed5adc/ITEM-Attachment-001-89431703f6bf41dcba4da1cf73ee381a.pdf,mccmeetingspublic.blob.core.usgovcloudapi.net,Public organization or vendor,Not marked verified,
ncs-d40b9abd2a1a,Apex,Wake,80419,,Innovation Pilot Program,Digital Governance & Technology,AI Governance & Strategic Roadmaps,AI Governance & Strategic Roadmaps,AI Governance & Strategic Roadmaps,Internal,,,Pilot,AI-primary or AI-dependent,No,,Smart City study,https://www.apexnc.org/DocumentCenter/View/50713,apexnc.org,Municipal or government website,Marked verified in working data,
ncs-7a0fa9a7951e,Apex,Wake,80419,,Municipal Greenhouse Gas Inventory Platform,Digital Governance & Technology,Smart City Governance & Performance,Cross-department Data Sharing & Dashboards,Smart City Governance & Performance,Internal,ICLEI USA,ClearPath,Unconfirmed,No AI signal in published fields,No,,Smart City study,https://www.apexnc.org/1335/Environmental-Leadership,apexnc.org,Municipal or government website,Marked verified in working data,
ncs-9d53b12d36ae,Apex,Wake,80419,,Open Data,Digital Governance & Technology,"Data, AI & Innovation",Open Data Portals,"Data, AI & Innovation",Public Facing,Esri,ArcGIS Hub,Unconfirmed,No AI signal in published fields,No,,Smart City study,https://gisdata-apexnc.opendata.arcgis.com/,gisdata-apexnc.opendata.arcgis.com,Municipal or government website,Marked verified in working data,
ncs-5eda93b90a12,Apex,Wake,80419,,Open Data,Digital Governance & Technology,GIS & Planning,Enterprise GIS,GIS & Planning,Public Facing,Esri,ArcGIS Online,Unconfirmed,No AI signal in published fields,No,,Smart City study,https://mccmeetingspublic.blob.core.usgovcloudapi.net/apexnc-meet-70d572a261c34623b43c9a8d43ed5adc/ITEM-Attachment-001-89431703f6bf41dcba4da1cf73ee381a.pdf,mccmeetingspublic.blob.core.usgovcloudapi.net,Public organization or vendor,Not marked verified,
ncs-d899c660ce16,Apex,Wake,80419,2024,P5655-E PTZ Network Camera,Digital Governance & Technology,Information Technology,P5655-E PTZ Network Camera,Information Technology,External,AXIS,P5655-E PTZ Network Camera,Unconfirmed,AI-capable; use unconfirmed,No,,Municipal AI study,https://camstreamer.com/live/stream/14889-town-of-apex-downtown-camera,camstreamer.com,Public organization or vendor,Source present; status not audited,
ncs-d0a890c978ba,Apex,Wake,80419,,Sustainability Project Tracking Dashboard,Digital Governance & Technology,Smart City Governance & Performance,Cross-department Data Sharing & Dashboards,Smart City Governance & Performance,Public Facing,Microsoft,Power BI,Unconfirmed,No AI signal in published fields,No,,Smart City study,https://www.apexnc.org/1335/Environmental-Leadership,apexnc.org,Municipal or government website,Marked verified in working data,
ncs-28cfbd261d49,Apex,Wake,80419,,Town-Owned Fiber Network,Digital Governance & Technology,Broadband & Connectivity,Public WiFi & Broadband Expansion,Broadband & Connectivity,Internal,,,Unconfirmed,No AI signal in published fields,No,,Smart City study,https://www.apexnc.org/DocumentCenter/View/50713,apexnc.org,Municipal or government website,Marked verified in working data,
ncs-ac1bf4ebbdf9,Apex,Wake,80419,,Infor,Economy & Administration,Cloud ERP & Core Systems Modernization,Cloud ERP & Core Systems Modernization,Cloud ERP & Core Systems Modernization,Public Facing,Infor,CloudSuite Public Sector,Unconfirmed,AI-capable; use unconfirmed,No,,Smart City study + Municipal AI study,https://www.infor.com/customer-stories/infor-cloudsuite-fuels-apex-growth,infor.com,Public organization or vendor,Marked verified in working data,
ncs-f5dd0357d9d1,Apex,Wake,80419,,New World,Economy & Administration,Cloud ERP & Core Systems Modernization,Cloud ERP & Core Systems Modernization,Cloud ERP & Core Systems Modernization,Internal,Tyler Technologies,New World,Unconfirmed,No AI signal in published fields,No,,Smart City study,https://www.apexnc.org/DocumentCenter/View/39656,apexnc.org,Municipal or government website,Marked verified in working data,
ncs-8b50cb367942,Apex,Wake,80419,,Questica,Economy & Administration,Finance & Procurement,Spend & Contract Analytics,Finance & Procurement,Internal,Euna Solutions (Questica),Euna Budget Pro,Unconfirmed,No AI signal in published fields,No,,Smart City study,https://apexnc.questica.com/,apexnc.questica.com,Municipal or government website,Marked verified in working data,
ncs-76f76548141e,Apex,Wake,80419,,Cityworks,Infrastructure & Utilities,Roads & Infrastructure,Bridge/Pavement Monitoring,Roads & Infrastructure,Internal,Trimble (Cityworks),Cityworks,Unconfirmed,No AI signal in published fields,No,,Smart City study,https://www.apexnc.org/DocumentCenter/View/39656,apexnc.org,Municipal or government website,Marked verified in working data,
ncs-ebb998963e60,Apex,Wake,80419,,DataVoice,Infrastructure & Utilities,Electric Utilities,Next-Gen Energy & Grid Resilience,Electric Utilities,Internal,DataVoice,DataVoice OMS,Unconfirmed,No AI signal in published fields,No,,Smart City study,https://www.apexnc.org/DocumentCenter/View/39656,apexnc.org,Municipal or government website,Marked verified in working data,
ncs-52d79c28b762,Apex,Wake,80419,,Fireworks Frenzy (Drone Light Show),Infrastructure & Utilities,Street Lighting,LED/Adaptive Streetlights & Drone Lighting,Street Lighting,Public Facing,,,Unconfirmed,No AI signal in published fields,No,,Smart City study,https://www.apexnc.org/1808/Fireworks-Frenzy,apexnc.org,Municipal or government website,Marked verified in working data,
ncs-24ab639a17c1,Apex,Wake,80419,,LED Streetlight Conversion,Infrastructure & Utilities,Street Lighting,LED/Adaptive Streetlights & Drone Lighting,Street Lighting,Public Facing,American Lighting & Signalization,,Unconfirmed,No AI signal in published fields,No,,Smart City study,https://www.apexnc.org/DocumentCenter/View/50713,apexnc.org,Municipal or government website,Marked verified in working data,
ncs-1ad1a312adea,Apex,Wake,80419,,Meter System Upgrade (MSU),Infrastructure & Utilities,Electric Utilities,Smart Grids & AMI,Electric Utilities,Public Facing,Ferguson Waterworks,,Unconfirmed,No AI signal in published fields,No,,Smart City study,https://www.apexnc.org/1975/Meter-System-Upgrade,apexnc.org,Municipal or government website,Marked verified in working data,
ncs-15b3574b057a,Apex,Wake,80419,,Meter System Upgrade (MSU),Infrastructure & Utilities,Electric Utilities,Smart Grids & AMI,Electric Utilities,Public Facing,US Bronco,,Unconfirmed,No AI signal in published fields,No,,Smart City study,https://www.apexnc.org/1975/Meter-System-Upgrade,apexnc.org,Municipal or government website,Marked verified in working data,
ncs-43f043f76a38,Apex,Wake,80419,,Milsoft,Infrastructure & Utilities,Electric Utilities,Next-Gen Energy & Grid Resilience,Electric Utilities,Internal,Milsoft,WindMil,Unconfirmed,No AI signal in published fields,No,,Smart City study,https://www.apexnc.org/DocumentCenter/View/39656,apexnc.org,Municipal or government website,Marked verified in working data,
ncs-ba5bb461dc7d,Apex,Wake,80419,,RNI - Ferguson - Sensus,Infrastructure & Utilities,Smart Water Meters & AMI,Smart Water Meters & AMI,Smart Water Meters & AMI,Internal,Sensus,FlexNet,Unconfirmed,No AI signal in published fields,No,,Smart City study,https://apex.flexnet.net/,apex.flexnet.net,Public organization or vendor,Marked verified in working data,
ncs-07f78bb53428,Apex,Wake,80419,,SCADA System Upgrades,Infrastructure & Utilities,Water Utilities & Wastewater,Predictive Water Maintenance,Water Utilities & Wastewater,Internal,,,Unconfirmed,No AI signal in published fields,No,,Smart City study,https://www.apexnc.org/DocumentCenter/View/50713,apexnc.org,Municipal or government website,Marked verified in working data,
ncs-054e689bd9c5,Apex,Wake,80419,,SEW (Smart Energy Water),Infrastructure & Utilities,Electric Utilities,Smart Grids & AMI,Electric Utilities,Public Facing,Smart Energy Water (SEW),SmartCX,Unconfirmed,No AI signal in published fields,No,,Smart City study,https://myaccount.apexnc.org/portal/,myaccount.apexnc.org,Municipal or government website,Marked verified in working data,
ncs-7cf428f8d713,Apex,Wake,80419,,Smart HVAC and Building Energy Management,Infrastructure & Utilities,Buildings & Facilities,Smart HVAC & Occupancy Sensors,Buildings & Facilities,Internal,Enpira,,Unconfirmed,No AI signal in published fields,No,,Smart City study,https://www.apexnc.org/DocumentCenter/View/50713,apexnc.org,Municipal or government website,Marked verified in working data,
ncs-e473d8e87709,Apex,Wake,80419,,Solar Energy,Infrastructure & Utilities,Electric Utilities,Next-Gen Energy & Grid Resilience,Electric Utilities,Public Facing,,,Unconfirmed,No AI signal in published fields,No,,Smart City study,https://www.apexnc.org/1345/Solar,apexnc.org,Municipal or government website,Marked verified in working data,
ncs-57358b7fdc90,Apex,Wake,80419,,Digital Parking Displays,Mobility & Transport,Transportation & Mobility,Smart Parking & Curb Management,Transportation & Mobility,Public Facing,,,Unconfirmed,No AI signal in published fields,No,,Smart City study,https://www.apexnc.org/DocumentCenter/View/50713,apexnc.org,Municipal or government website,Marked verified in working data,
ncs-e35255244ca8,Apex,Wake,80419,,Downtown Parking,Mobility & Transport,Transportation & Mobility,Smart Parking & Curb Management,Transportation & Mobility,Public Facing,AirGarage,AirGarage,Unconfirmed,No AI signal in published fields,No,,Smart City study,https://www.airgarage.com/locations/apex-nc,airgarage.com,Public organization or vendor,Marked verified in working data,
ncs-b66d1cd04ad1,Apex,Wake,80419,,Electric PTO (SmartPTO),Mobility & Transport,Fleet Management,EV Fleet Management,Fleet Management,Internal,Viatec,SmartPTO,Unconfirmed,No AI signal in published fields,No,,Smart City study,https://www.viatec.us/case-studies/town-of-apex-smartpto-case-study/,viatec.us,Public organization or vendor,Marked verified in working data,
ncs-374f5a879ae5,Apex,Wake,80419,,EV Charging Stations,Mobility & Transport,Transportation & Mobility,Public EV Charging Infrastructure,Transportation & Mobility,Public Facing,Blink,,Unconfirmed,No AI signal in published fields,No,,Smart City study,https://www.apexnc.org/265/Electric-Vehicle-Charging-Stations,apexnc.org,Municipal or government website,Marked verified in working data,
ncs-52bc8c7f6bc1,Apex,Wake,80419,,EV Charging Stations,Mobility & Transport,Transportation & Mobility,Public EV Charging Infrastructure,Transportation & Mobility,Public Facing,ChargePoint,,Unconfirmed,No AI signal in published fields,No,,Smart City study,https://www.apexnc.org/265/Electric-Vehicle-Charging-Stations,apexnc.org,Municipal or government website,Marked verified in working data,
ncs-c3a67ea26843,Apex,Wake,80419,,Fleet EVSE Infrastructure,Mobility & Transport,Fleet Management,EV Fleet Management,Fleet Management,Internal,,,Unconfirmed,No AI signal in published fields,No,,Smart City study,https://www.apexnc.org/DocumentCenter/View/50713,apexnc.org,Municipal or government website,Marked verified in working data,
ncs-6767d117d14b,Apex,Wake,80419,,GoApex Route 1,Mobility & Transport,Transportation & Mobility,Intelligent Transportation Systems (ITS),Transportation & Mobility,Public Facing,GoCary,GoCary,Unconfirmed,No AI signal in published fields,No,,Smart City study,https://www.apexnc.org/1697/GoApex-Route-1,apexnc.org,Municipal or government website,Marked verified in working data,
ncs-88fd141e6759,Apex,Wake,80419,,GoApex Route 1,Mobility & Transport,Transportation & Mobility,Intelligent Transportation Systems (ITS),Transportation & Mobility,Public Facing,GoTriangle,GoTriangle,Unconfirmed,No AI signal in published fields,No,,Smart City study,https://www.apexnc.org/1697/GoApex-Route-1,apexnc.org,Municipal or government website,Marked verified in working data,
ncs-5137054a31a9,Apex,Wake,80419,,GPS Cellular Emergency Vehicle Preemption (EVP) (Apex Vision Zero),Mobility & Transport,Transportation & Mobility,Adaptive Traffic Signal Control & Transit Preemption,Transportation & Mobility,Public Facing,NCDOT,,Unconfirmed,No AI signal in published fields,No,,Smart City study,https://mccmeetingspublic.blob.core.usgovcloudapi.net/apexnc-meet-e90a55b23d734662a296021b6d61937d/ITEM-Attachment-001-76ffe68f10704e9aa8a431c60f1c0404.pdf,mccmeetingspublic.blob.core.usgovcloudapi.net,Public organization or vendor,Marked verified in working data,
ncs-c7ceeafd2e73,Apex,Wake,80419,,GPS Cellular Emergency Vehicle Preemption (EVP) (Apex Vision Zero),Mobility & Transport,Transportation & Mobility,Adaptive Traffic Signal Control & Transit Preemption,Transportation & Mobility,Public Facing,VHB,,Unconfirmed,No AI signal in published fields,No,,Smart City study,https://mccmeetingspublic.blob.core.usgovcloudapi.net/apexnc-meet-e90a55b23d734662a296021b6d61937d/ITEM-Attachment-001-76ffe68f10704e9aa8a431c60f1c0404.pdf,mccmeetingspublic.blob.core.usgovcloudapi.net,Public organization or vendor,Marked verified in working data,
ncs-a7d542e9dca6,Apex,Wake,80419,,Interactive Parking Map,Mobility & Transport,Transportation & Mobility,Smart Parking & Curb Management,Transportation & Mobility,Public Facing,Esri,ArcGIS Online,Operational,No AI signal in published fields,No,,Smart City study,https://www.apexnc.org/2037/Downtown-Parking,apexnc.org,Municipal or government website,Marked verified in working data,
ncs-95db32ca6d00,Apex,Wake,80419,,Municipal Fleet Management & Telematics (Fleetio + Geotab),Mobility & Transport,Fleet Management,Automatic Vehicle Location (AVL) & Fleet Telematics,Fleet Management,Internal,"Fleetio, Geotab",Fleetio + Geotab Telematics,Unconfirmed,No AI signal in published fields,No,,Smart City study,https://www.fleetio.com/resources/case-studies/apex,fleetio.com,Public organization or vendor,Not marked verified,
ncs-85d3e49883a5,Apex,Wake,80419,,Parking Mobile App,Mobility & Transport,Transportation & Mobility,Smart Parking & Curb Management,Transportation & Mobility,Public Facing,Iotech Srl,Apex Parking,Unconfirmed,No AI signal in published fields,No,,Smart City study,https://www.apexnc.org/2037/Downtown-Parking,apexnc.org,Municipal or government website,Marked verified in working data,
ncs-591b697d9d20,Apex,Wake,80419,,Traffic Analytics Cameras,Mobility & Transport,AI-Powered Smart Intersections & Traffic Analytics,AI-Powered Smart Intersections & Traffic Analytics,AI-Powered Smart Intersections & Traffic Analytics,Public Facing,,,Unconfirmed,AI-primary or AI-dependent,No,,Smart City study,https://www.apexnc.org/DocumentCenter/View/50713,apexnc.org,Municipal or government website,Marked verified in working data,
ncs-fdb4bdb94b56,Apex,Wake,80419,,Traffic Signal System: Apex-Holly Springs-Fuquay-Varina,Mobility & Transport,Transportation & Mobility,Adaptive Traffic Signal Control & Transit Preemption,Transportation & Mobility,Public Facing,,,Unconfirmed,No AI signal in published fields,No,,Smart City study,https://www.apexnc.org/DocumentCenter/View/50713,apexnc.org,Municipal or government website,Marked verified in working data,
ncs-59ed1b8170cd,Apex,Wake,80419,,Collects Mobile App,Safety & Resilience,Environment & Sustainability,Smart Waste Management & Recycling Tracking,Environment & Sustainability,Public Facing,Routeware (ReCollect),Apex Collects,Unconfirmed,No AI signal in published fields,No,,Smart City study,https://www.apexnc.org/1620/Stay-Connected,apexnc.org,Municipal or government website,Marked verified in working data,
ncs-7985a7d6be5e,Apex,Wake,80419,,Flock Saftey,Safety & Resilience,Public Safety,ALPR & Camera Registries,Public Safety,Internal,Flock Safety,Automated License Plate Reader (ALPR),Unconfirmed,No AI signal in published fields,No,,Smart City study,https://www.cbs17.com/news/local-news/wake-county-news/some-apex-homeowners-pushing-back-against-license-plate-reader-technology/,cbs17.com,Public organization or vendor,Marked verified in working data,
ncs-90378a72cd59,Apex,Wake,80419,2024,License Plate Reader,Safety & Resilience,Police,License Plate Reader,Police,Internal,Flock Safety,License Plate Reader,Unconfirmed,AI relevance needs review,No,,Municipal AI study,https://indyweek.com/news/what-the-flock-an-explainer-on-the-controversial-license-plate-reading-cameras-deployed-across-the-triangle/,indyweek.com,Public organization or vendor,Source present; status not audited,
ncs-a7af2111837b,Apex,Wake,80419,,Police Body-Worn Cameras & Axon Infrastructure Merger,Safety & Resilience,Law Enforcement & Surveillance Tech,Body-Worn Cameras,Law Enforcement & Surveillance Tech,Internal,Axon,Body 4,Unconfirmed,No AI signal in published fields,No,,Smart City study,https://mccmeetingspublic.blob.core.usgovcloudapi.net/apexnc-meet-deed30c7046547eea9e909071748ad8b/ITEM-Attachment-001-837b7637892b4b8a8e6fbd83199b5f79.pdf,mccmeetingspublic.blob.core.usgovcloudapi.net,Public organization or vendor,Not marked verified,
ncs-a9636aaaa094,Apex,Wake,80419,,Police Drone Team,Safety & Resilience,Public Safety,Drone as First Responder,Public Safety,Internal,,,Unconfirmed,No AI signal in published fields,No,,Smart City study,https://www.apexnc.org/CivicAlerts.aspx?AID=337,apexnc.org,Municipal or government website,Marked verified in working data,
ncs-1db6d3e7758f,Asheboro,Randolph,27990,,Brightspeed Fiber Broadband Expansion in Asheboro,Digital Governance & Technology,Broadband & Connectivity,Public WiFi & Broadband Expansion,Broadband & Connectivity,Public Facing,Brightspeed,Fiber Internet,Unconfirmed,No AI signal in published fields,No,,Smart City study,https://www.brightspeed.com/brightspeed-news/Brightspeed_Fires_Up_High-speedFiberConnectivity_in_Asheboro/,brightspeed.com,Public organization or vendor,Not marked verified,
ncs-676b3a1c0e9f,Asheboro,Randolph,27990,,Randolph County Fiber Expansion (NorthState),Digital Governance & Technology,Broadband & Connectivity,Public WiFi & Broadband Expansion,Broadband & Connectivity,Public Facing,NorthState,,Unconfirmed,No AI signal in published fields,No,,Smart City study,https://randolphrecord.com/fiber-internet-expansion-coming-to-county/,randolphrecord.com,Public organization or vendor,Not marked verified,
ncs-35fb9c5b3874,Asheboro,Randolph,27990,,Traffic Cameras,Digital Governance & Technology,Smart City Governance & Performance,Cross-department Data Sharing & Dashboards,Smart City Governance & Performance,Public Facing,NCDOT,,Unconfirmed,No AI signal in published fields,No,,Smart City study,https://www.weatherbug.com/traffic-cam/asheboro-nc-27203,weatherbug.com,Public organization or vendor,Not marked verified,
ncs-a88d4194e68e,Asheboro,Randolph,27990,,City EV Charging,Mobility & Transport,Transportation & Mobility,Public EV Charging Infrastructure,Transportation & Mobility,Public Facing,ChargePoint,,Unconfirmed,No AI signal in published fields,No,,Smart City study,https://chargehub.com/en/countries/united-states/north-carolina/asheboro.html,chargehub.com,Public organization or vendor,Not marked verified,
ncs-1620d4d20091,Asheboro,Randolph,27990,,Police Drone,Safety & Resilience,Public Safety,Drone as First Responder,Public Safety,Internal,,,Unconfirmed,No AI signal in published fields,No,,Smart City study,https://www.wfmynews2.com/article/news/crime/asheboro-police-drone-barricaded-subject-swat-warrant-arrest/83-6c538e10-bf42-43e2-a3d2-c75f0285dfe7,wfmynews2.com,Public organization or vendor,Not marked verified,
ncs-1f0ade25bd3f,Asheville,Buncombe,93523,,Digital Residential Permit Application,Civic & Community,Citizen Services,Digital Permitting & E-Government,Citizen Services,Public Facing,Accela,Citizen Access,Unconfirmed,No AI signal in published fields,No,,Smart City study,https://www.ashevillenc.gov/department/development-services/residential-permits-and-development/,ashevillenc.gov,Government website,Not marked verified,
ncs-3d5da0e8c705,Asheville,Buncombe,93523,,ART Transit Free WiFi,Digital Governance & Technology,Broadband & Connectivity,Public WiFi & Broadband Expansion,Broadband & Connectivity,Public Facing,Dogwood Health Trust,,Unconfirmed,No AI signal in published fields,No,,Smart City study,https://www.ashevillenc.gov/news/free-wifi-now-available-on-art-transit-buses/,ashevillenc.gov,Government website,Not marked verified,
ncs-2cb790d9f3a7,Asheville,Buncombe,93523,,ART Transit Free WiFi,Digital Governance & Technology,Broadband & Connectivity,Public WiFi & Broadband Expansion,Broadband & Connectivity,Public Facing,Land of Sky Regional Council (WestNGN),,Unconfirmed,No AI signal in published fields,No,,Smart City study,https://www.ashevillenc.gov/news/free-wifi-now-available-on-art-transit-buses/,ashevillenc.gov,Government website,Not marked verified,
ncs-aafddfe3644b,Asheville,Buncombe,93523,,City of Asheville Open Data,Digital Governance & Technology,"Data, AI & Innovation",Open Data Portals,"Data, AI & Innovation",Public Facing,Esri,ArcGIS Hub,Unconfirmed,No AI signal in published fields,No,,Smart City study,https://data-avl.opendata.arcgis.com/,data-avl.opendata.arcgis.com,Public organization or vendor,Not marked verified,
ncs-b0fc3a71b320,Asheville,Buncombe,93523,2024,ExploreAsheville.com,Digital Governance & Technology,Tourism,Business,Tourism,Public Facing,Mindtrip,Business,Unconfirmed,AI relevance needs review,No,,Municipal AI study,https://mountainx.com/news/tourism/explore-asheville-looks-to-ai-to-adapt-to-changing-travel-search-habits/,mountainx.com,Public organization or vendor,Source present; status not audited,
ncs-2fa4f941dc90,Asheville,Buncombe,93523,,Generative AI Use & Governance (Gemini),Digital Governance & Technology,AI Governance & Strategic Roadmaps,AI Governance & Strategic Roadmaps,AI Governance & Strategic Roadmaps,Internal,Google,Gemini,Unconfirmed,AI-primary or AI-dependent,No,,Smart City study,https://www.bpr.org/politics-government/2026-07-15/ai-is-creeping-into-wnc-governments-but-policies-on-how-to-use-it-vary,bpr.org,Public organization or vendor,Not marked verified,
ncs-8599803fb2cb,Asheville,Buncombe,93523,,SimpliCity & Open Data Portal,Digital Governance & Technology,"Data, AI & Innovation",Open Data Portals,"Data, AI & Innovation",Public Facing,Esri,,Unconfirmed,No AI signal in published fields,No,,Smart City study,https://www.ashevillenc.gov/service/explore-city-data/,ashevillenc.gov,Government website,Not marked verified,
ncs-7d74e0e15468,Asheville,Buncombe,93523,,Advanced Metering Infrastructure Project,Infrastructure & Utilities,Smart Water Meters & AMI,Smart Water Meters & AMI,Smart Water Meters & AMI,Public Facing,Mueller,,Unconfirmed,No AI signal in published fields,No,,Smart City study,https://www.ashevillenc.gov/projects/water-meter-replacement-project/,ashevillenc.gov,Government website,Not marked verified,
ncs-f51a722b2f7d,Asheville,Buncombe,93523,,AI Lead Service Line Prediction,Infrastructure & Utilities,Water Utilities & Wastewater,Predictive Water Maintenance,Water Utilities & Wastewater,Internal,,,Unconfirmed,No AI signal in published fields,No,,Smart City study,https://www.ashevillenc.gov/department/water/lead-awareness/,ashevillenc.gov,Government website,Not marked verified,
ncs-9abbca68aa72,Asheville,Buncombe,93523,2024,Lead Awareness,Infrastructure & Utilities,Water,Lead Awareness,Water,Internal,,,Unconfirmed,AI relevance needs review,No,,Municipal AI study,https://www.ashevillenc.gov/department/water/lead-awareness/,ashevillenc.gov,Government website,Source present; status not audited,
ncs-1bda5a10876e,Asheville,Buncombe,93523,,Predictive Facilities Asset Management,Infrastructure & Utilities,Buildings & Facilities,Smart HVAC & Occupancy Sensors,Buildings & Facilities,Internal,Brightly,Predictor,Unconfirmed,AI relevance needs review,No,,Smart City study + Municipal AI study,https://www.brightlysoftware.com/success-stories/city-of-asheville-relies-on-brightly-products-to-manage-facility-maintenance-make,brightlysoftware.com,Public organization or vendor,Not marked verified,
ncs-d8f1e36b08a7,Asheville,Buncombe,93523,,Adaptive Traffic Signal Control (unverified),Mobility & Transport,Transportation & Mobility,Adaptive Traffic Signal Control & Transit Preemption,Transportation & Mobility,Public Facing,,,Unconfirmed,No AI signal in published fields,No,,Smart City study,https://ashevillenc.gov/,ashevillenc.gov,Government website,Not marked verified,
ncs-3e7004812219,Asheville,Buncombe,93523,,EV Charging Hubs,Mobility & Transport,Transportation & Mobility,Public EV Charging Infrastructure,Transportation & Mobility,Public Facing,ChargePoint,,Unconfirmed,No AI signal in published fields,No,,Smart City study,https://www.ashevillenc.gov/news/asheville-parking-garages-now-feature-electric-vehicle-charging-stations/,ashevillenc.gov,Government website,Not marked verified,
ncs-ef263249a33b,Asheville,Buncombe,93523,,EV Charging Hubs,Mobility & Transport,Transportation & Mobility,Public EV Charging Infrastructure,Transportation & Mobility,Public Facing,Duke Energy Carolinas,,Unconfirmed,No AI signal in published fields,No,,Smart City study,https://www.ashevillenc.gov/news/asheville-parking-garages-now-feature-electric-vehicle-charging-stations/,ashevillenc.gov,Government website,Not marked verified,
ncs-3457c996eb4c,Asheville,Buncombe,93523,,Flowbird App,Mobility & Transport,Transportation & Mobility,Smart Parking & Curb Management,Transportation & Mobility,Public Facing,Arrive,Flowbird,Unconfirmed,No AI signal in published fields,No,,Smart City study,https://www.ashevillenc.gov/news/new-parking-app-flowbird-launches-on-june-2-2025/,ashevillenc.gov,Government website,Not marked verified,
ncs-7c8696cff59d,Asheville,Buncombe,93523,2024,Body,Safety & Resilience,Police,Body,Police,Internal,Axon,Body,Unconfirmed,AI relevance needs review,No,,Municipal AI study,https://www.reddit.com/r/asheville/comments/1tb9oig/council_votes_on_the_rtic_today_a_massive/,reddit.com,Public organization or vendor,Source present; status not audited,
ncs-b7100388dc6c,Asheville,Buncombe,93523,2024,Fusion,Safety & Resilience,Police,Fusion,Police,Internal,Axon,Fusion,Unconfirmed,AI relevance needs review,No,,Municipal AI study,https://wlos.com/news/local/asheville-police-department-city-council-new-surveillance-technology-violent-crimes-real-time-intelligence-center-housing-authority-patrol-officers-immigration-customs-enforcement-community-members-federal-government-investigation,wlos.com,Public organization or vendor,Source present; status not audited,
ncs-187560d3e8bd,Asheville,Buncombe,93523,2024,License Plate Reader,Safety & Resilience,Police,License Plate Reader,Police,Internal,Flock Safety,License Plate Reader,Unconfirmed,AI relevance needs review,No,,Municipal AI study,https://www.newsobserver.com/news/politics-government/article315990932.html,newsobserver.com,News or trade publication,Source present; status not audited,
ncs-500cbbb662e7,Asheville,Buncombe,93523,,Police Drone Program,Safety & Resilience,Public Safety,Drone as First Responder,Public Safety,Internal,DJI,Dock 3,Unconfirmed,No AI signal in published fields,No,,Smart City study,https://www.bpr.org/bpr-news/2025-02-05/asheville-police-drone-program-transparency,bpr.org,Public organization or vendor,Not marked verified,
ncs-479137776a13,Asheville,Buncombe,93523,,Police Drone Program,Safety & Resilience,Public Safety,Drone as First Responder,Public Safety,Internal,DJI,FlightHub 2,Unconfirmed,No AI signal in published fields,No,,Smart City study,https://www.bpr.org/bpr-news/2025-02-05/asheville-police-drone-program-transparency,bpr.org,Public organization or vendor,Not marked verified,
ncs-51f5b3fbc03e,Asheville,Buncombe,93523,,Police Drone Program,Safety & Resilience,Public Safety,Drone as First Responder,Public Safety,Internal,DJI,Matrice Series,Unconfirmed,No AI signal in published fields,No,,Smart City study,https://www.bpr.org/bpr-news/2025-02-05/asheville-police-drone-program-transparency,bpr.org,Public organization or vendor,Not marked verified,
ncs-72af351f049f,Asheville,Buncombe,93523,,Real-Time Intelligence Center (RTIC),Safety & Resilience,Public Safety,Real-Time Crime Centers (RTCC/RTIC),Public Safety,Internal,Axon,Fusus,Unconfirmed,No AI signal in published fields,No,,Smart City study,https://www.bpr.org/politics-government/2026-05-13/asheville-council-accepts-police-tech-funding-hears-budget-proposal,bpr.org,Public organization or vendor,Not marked verified,
ncs-aa0c8a758307,Asheville,Buncombe,93523,,Real-Time Intelligence Center (RTIC),Safety & Resilience,Public Safety,Real-Time Crime Centers (RTCC/RTIC),Public Safety,Internal,Axon,Real-Time Operations,Unconfirmed,No AI signal in published fields,No,,Smart City study,https://www.bpr.org/politics-government/2026-05-13/asheville-council-accepts-police-tech-funding-hears-budget-proposal,bpr.org,Public organization or vendor,Not marked verified,
ncs-b0de4080ac25,Burlington,Alamance,61496,,CAD-Integrated Community Surveys,Civic & Community,Community Engagement,Digital Civic Feedback Platforms,Community Engagement,Public Facing,PowerEngage,PowerEngage,Unconfirmed,No AI signal in published fields,No,,Smart City study,https://burlingtonnc.gov/DocumentCenter/View/28727/Communications---Year-1-Remote-Web-Based-Assessment-April-2026,burlingtonnc.gov,Government website,Not marked verified,
ncs-66b34edb804a,Burlington,Alamance,61496,,Connected Mobile App,Civic & Community,Community Engagement,311 & Crowdsourcing Civic Apps,Community Engagement,Public Facing,,,Unconfirmed,No AI signal in published fields,No,,Smart City study,https://www.burlingtonnc.gov/1353/Apps-Download,burlingtonnc.gov,Government website,Not marked verified,
ncs-8ff3843a645d,Burlington,Alamance,61496,,Smart,Civic & Community,Citizen Services,Digital Permitting & E-Government,Citizen Services,Public Facing,Granicus (SmartGov),Permitting & Licensing (SmartGov),Unconfirmed,No AI signal in published fields,No,,Smart City study,https://ci-burlington-nc.smartgovcommunity.com/,ci-burlington-nc.smartgovcommunity.com,Public organization or vendor,Not marked verified,
ncs-9cfda8946242,Burlington,Alamance,61496,,Fiber-Optic Access Gap,Digital Governance & Technology,Broadband & Connectivity,Public WiFi & Broadband Expansion,Broadband & Connectivity,Public Facing,,,Unconfirmed,No AI signal in published fields,No,,Smart City study,https://govtech.com/network/The-Fight-for-High-Speed-Internet-Continues-in-Burlington-NC.html,govtech.com,News or trade publication,Not marked verified,
ncs-dbe45c1f23d6,Burlington,Alamance,61496,,GIS Division,Digital Governance & Technology,GIS & Planning,Enterprise GIS,GIS & Planning,Public Facing,Esri,ArcGIS Enterprise,Unconfirmed,No AI signal in published fields,No,,Smart City study,https://www.burlingtonnc.gov/179/GIS-Division,burlingtonnc.gov,Government website,Not marked verified,
ncs-c445482bd489,Burlington,Alamance,61496,2024,Intelligence,Digital Governance & Technology,Office of Public Information,Intelligence,Office of Public Information,Internal,CivicPlus,Intelligence,Unconfirmed,AI-capable; use unconfirmed,No,,Municipal AI study,https://www.civicplus.com/case-studies/ce/burlington-nc-continually-evolves-website/,civicplus.com,Public organization or vendor,Source present; status not audited,
ncs-b71cebc82075,Burlington,Alamance,61496,,AMI Water Meter Replacement,Infrastructure & Utilities,Smart Water Meters & AMI,Smart Water Meters & AMI,Smart Water Meters & AMI,Public Facing,Core & Main,,Unconfirmed,No AI signal in published fields,No,,Smart City study,https://www.burlingtonnc.gov/2291/Water-Meter-Replacement,burlingtonnc.gov,Government website,Not marked verified,
ncs-51f9750d8919,Burlington,Alamance,61496,,Computerized Traffic Signal System,Mobility & Transport,Transportation & Mobility,Adaptive Traffic Signal Control & Transit Preemption,Transportation & Mobility,Public Facing,,,Unconfirmed,No AI signal in published fields,No,,Smart City study,https://www.burlingtonnc.gov/634/Traffic-Signals,burlingtonnc.gov,Government website,Not marked verified,
ncs-6949abcaa5b6,Burlington,Alamance,61496,,Public EV Charging,Mobility & Transport,Transportation & Mobility,Public EV Charging Infrastructure,Transportation & Mobility,Public Facing,Blink,,Unconfirmed,No AI signal in published fields,No,,Smart City study,https://chargehub.com/en/countries/united-states/north-carolina/burlington.html,chargehub.com,Public organization or vendor,Not marked verified,
ncs-c84cc394a177,Burlington,Alamance,61496,,Public EV Charging,Mobility & Transport,Transportation & Mobility,Public EV Charging Infrastructure,Transportation & Mobility,Public Facing,Red E,,Unconfirmed,No AI signal in published fields,No,,Smart City study,https://chargehub.com/en/countries/united-states/north-carolina/burlington.html,chargehub.com,Public organization or vendor,Not marked verified,
ncs-05bc6523dc71,Burlington,Alamance,61496,,Public EV Charging,Mobility & Transport,Transportation & Mobility,Public EV Charging Infrastructure,Transportation & Mobility,Public Facing,Tesla,Supercharger,Unconfirmed,No AI signal in published fields,No,,Smart City study,https://chargehub.com/en/countries/united-states/north-carolina/burlington.html,chargehub.com,Public organization or vendor,Not marked verified,
ncs-65cbd9edd23e,Burlington,Alamance,61496,,Traffic Cameras,Mobility & Transport,Transportation & Mobility,Intelligent Transportation Systems (ITS),Transportation & Mobility,Public Facing,,,Unconfirmed,No AI signal in published fields,No,,Smart City study,https://www.burlingtonnc.gov/634/Traffic-Signals,burlingtonnc.gov,Government website,Not marked verified,
ncs-3b83bb4d01f4,Burlington,Alamance,61496,,911 Caller Live Video Streaming,Safety & Resilience,Emergency Communications & 911,Next-Generation 911 Multimedia & Data,Emergency Communications & 911,Public Facing,,,Operational,No AI signal in published fields,No,,Smart City study,https://www.burlingtonnc.gov/ArchiveCenter/ViewFile/Item/4131,burlingtonnc.gov,Government website,Not marked verified,
ncs-83c241c3d62d,Burlington,Alamance,61496,,AI-Assisted Police Reporting & BWC Analysis (Truleo),Safety & Resilience,Law Enforcement & Surveillance Tech,AI-Assisted Transcription & Report Writing,Law Enforcement & Surveillance Tech,Internal,Truleo,AI Platform,Unconfirmed,No AI signal in published fields,No,,Smart City study,https://www.elonnewsnetwork.com/article/2026/04/burlington-police-sees-increase-in-productivity-through-ai-use,elonnewsnetwork.com,Public organization or vendor,Not marked verified,
ncs-2900a53df398,Burlington,Alamance,61496,,Drone as First Responder (DFR),Safety & Resilience,Public Safety,Drone as First Responder,Public Safety,Internal,Paladin,,Unconfirmed,No AI signal in published fields,No,,Smart City study,https://www.burlingtonnc.gov/2794/Drone-as-First-Responder,burlingtonnc.gov,Government website,Not marked verified,
ncs-11c92be9dd4c,Burlington,Alamance,61496,2024,License Plate Reader,Safety & Resilience,Police,License Plate Reader,Police,Internal,Flock Safety,License Plate Reader,Unconfirmed,AI relevance needs review,No,,Municipal AI study,https://alamancenews.com/the-public-asks-how-are-burlington-police-using-ai-traffic-cameras/,alamancenews.com,Public organization or vendor,Source present; status not audited,
ncs-8a3b0acfe171,Burlington,Alamance,61496,2024,Truleo,Safety & Resilience,Police,Truleo,Police,Internal,Truleo,Truleo,Unconfirmed,AI relevance needs review,No,,Municipal AI study,https://www.wral.com/archive/21627730/,wral.com,News or trade publication,Source present; status not audited,
ncs-8bd0611ffb85,Cary,Wake,183582,2024,Cognitive Community,Civic & Community,Solid Waste Division,Edge Computing,Solid Waste Division,Internal,Lenovo,Edge Computing,Unconfirmed,AI relevance needs review,No,,Municipal AI study,https://www.lenovo.com/us/en/case-studies-customer-success-stories/town-of-cary,lenovo.com,Public organization or vendor,Source present; status not audited,
ncs-742ec0a3e3d9,Cary,Wake,183582,2024,Cognitive Community,Civic & Community,Solid Waste Division,Hybrid AI,Solid Waste Division,Internal,Lenovo,Hybrid AI,Unconfirmed,AI relevance needs review,No,,Municipal AI study,https://www.lenovo.com/us/en/case-studies-customer-success-stories/town-of-cary,lenovo.com,Public organization or vendor,Source present; status not audited,
ncs-9e6ebcca4d3e,Cary,Wake,183582,2024,Cognitive Community,Civic & Community,Solid Waste Division,Blueprint,Solid Waste Division,Internal,NVIDIA,Blueprint,Unconfirmed,AI relevance needs review,No,,Municipal AI study,https://www.lenovo.com/us/en/case-studies-customer-success-stories/town-of-cary,lenovo.com,Public organization or vendor,Source present; status not audited,
ncs-55ae93ca22b9,Cary,Wake,183582,,Eco-Counters (Trail Counters),Civic & Community,Parks & Recreation,Smart Parks & Trail Counters,Parks & Recreation,Internal,Eco-Counter,Mobile MULTI,Unconfirmed,No AI signal in published fields,No,,Smart City study,https://www.carync.gov/projects-initiatives/smart-and-connected-communities-program,carync.gov,Government website,Not marked verified,
ncs-f828fef04653,Cary,Wake,183582,,Voice Assistant Integration,Civic & Community,Citizen Services,AI Chatbots & Voice UI,Citizen Services,Public Facing,Amazon,Alexa Skills,Unconfirmed,AI-primary or AI-dependent,No,,Smart City study,https://www.carync.gov/projects-initiatives/smart-and-connected-communities-program,carync.gov,Government website,Not marked verified,
ncs-035fddf8c8fd,Cary,Wake,183582,,Voice Assistant Skills,Civic & Community,Citizen Services,AI Chatbots & Voice UI,Citizen Services,Public Facing,Google,Google Home Integration,Unconfirmed,AI-primary or AI-dependent,No,,Smart City study,https://www.carync.gov/projects-initiatives/smart-and-connected-communities-program,carync.gov,Government website,Not marked verified,
ncs-1633d215fed1,Cary,Wake,183582,2024,Box Agent,Digital Governance & Technology,AI & Automation,Box Agent,Not recorded,Internal,Box,Box Agent,Unconfirmed,AI relevance needs review,No,,Municipal AI study,https://www.box.com/customers/town-of-cary,box.com,Public organization or vendor,Source present; status not audited,
ncs-ac269d7c5220,Cary,Wake,183582,,Cognitive Community / Digital Twin Partnership,Digital Governance & Technology,GIS & Planning,Digital Twins & 3D City Modeling,GIS & Planning,Internal,AMSYS,,Unconfirmed,No AI signal in published fields,No,,Smart City study,https://www.lenovo.com/content/dam/lenovo/iso/customer-references-coe/global/en/case-studies/town-of-cary/lenovo_townofcary_casestudy.pdf,lenovo.com,Public organization or vendor,Not marked verified,
ncs-95662dc3b377,Cary,Wake,183582,,Cognitive Community / Digital Twin Partnership,Digital Governance & Technology,GIS & Planning,Digital Twins & 3D City Modeling,GIS & Planning,Internal,Lenovo,,Unconfirmed,No AI signal in published fields,No,,Smart City study,https://www.lenovo.com/content/dam/lenovo/iso/customer-references-coe/global/en/case-studies/town-of-cary/lenovo_townofcary_casestudy.pdf,lenovo.com,Public organization or vendor,Not marked verified,
ncs-0c26c3c27c66,Cary,Wake,183582,,Cognitive Community / Digital Twin Partnership,Digital Governance & Technology,GIS & Planning,Digital Twins & 3D City Modeling,GIS & Planning,Internal,NVIDIA,,Unconfirmed,No AI signal in published fields,No,,Smart City study,https://www.lenovo.com/content/dam/lenovo/iso/customer-references-coe/global/en/case-studies/town-of-cary/lenovo_townofcary_casestudy.pdf,lenovo.com,Public organization or vendor,Not marked verified,
ncs-43a668be061e,Cary,Wake,183582,,Cognitive Community / Digital Twin Partnership,Digital Governance & Technology,GIS & Planning,Digital Twins & 3D City Modeling,GIS & Planning,Internal,TrueNorth,,Unconfirmed,No AI signal in published fields,No,,Smart City study,https://www.lenovo.com/content/dam/lenovo/iso/customer-references-coe/global/en/case-studies/town-of-cary/lenovo_townofcary_casestudy.pdf,lenovo.com,Public organization or vendor,Not marked verified,
ncs-9a64c4191fa2,Cary,Wake,183582,2024,Connected Cary,Digital Governance & Technology,AI & Automation,Alexa Skill,Not recorded,Public Facing,Amazon,Alexa Skill,Unconfirmed,AI relevance needs review,No,,Municipal AI study,https://www.amazon.com/Town-of-Cary-NC-Connected/dp/B08FX4FK8B,amazon.com,Public organization or vendor,Source present; status not audited,
ncs-f64680285aa6,Cary,Wake,183582,,Connected Vehicle Roadside Sensor Network (C-V2X),Digital Governance & Technology,Information Technology (IT),Edge Computing & IoT Sensors,Information Technology (IT),Public Facing,Applied Information,"AI-500-095 C-V2X Enabled Roadside Unit,",Unconfirmed,No AI signal in published fields,No,,Smart City study,https://www.carync.gov/connectedvehicles,carync.gov,Government website,Not marked verified,
ncs-025d38c135cb,Cary,Wake,183582,,Connected Vehicle Roadside Sensor Network (C-V2X),Digital Governance & Technology,Information Technology (IT),Edge Computing & IoT Sensors,Information Technology (IT),Public Facing,Applied Information,TravelSafely,Unconfirmed,No AI signal in published fields,No,,Smart City study,https://www.carync.gov/connectedvehicles,carync.gov,Government website,Not marked verified,
ncs-90e6af8f6c62,Cary,Wake,183582,2024,Engage Cary,Digital Governance & Technology,Innovation,Zencity 360,Innovation,Internal,Zencity,Zencity 360,Unconfirmed,AI relevance needs review,No,,Municipal AI study,https://zencity.io/data-backed-recommendations-for-city-council/,zencity.io,Public organization or vendor,Source present; status not audited,
ncs-2adc63426c8a,Cary,Wake,183582,,Facility Usage Monitoring (Cisco Kinetic),Digital Governance & Technology,Information Technology (IT),Edge Computing & IoT Sensors,Information Technology (IT),Public Facing,Cisco,Kinetic for Cities,Unconfirmed,No AI signal in published fields,No,,Smart City study,https://blogs.cisco.com/partner/transforming-the-citizen-experience-in-the-town-of-cary,blogs.cisco.com,Public organization or vendor,Not marked verified,
ncs-ebed491e5964,Cary,Wake,183582,,Fiber Network,Digital Governance & Technology,Broadband & Connectivity,Public WiFi & Broadband Expansion,Broadband & Connectivity,Public Facing,,,Unconfirmed,No AI signal in published fields,No,,Smart City study,https://www.carync.gov/projects-initiatives/smart-and-connected-communities-program,carync.gov,Government website,Not marked verified,
ncs-cb11b7ef57ef,Cary,Wake,183582,,Garbage Truck Edge AI Vision,Digital Governance & Technology,Information Technology (IT),Edge Computing & IoT Sensors,Information Technology (IT),Internal,AMSYS,,Unconfirmed,No AI signal in published fields,No,,Smart City study,https://www.lenovo.com/content/dam/lenovo/iso/customer-references-coe/global/en/case-studies/town-of-cary/lenovo_townofcary_casestudy.pdf,lenovo.com,Public organization or vendor,Not marked verified,
ncs-da305a688f87,Cary,Wake,183582,,Garbage Truck Edge AI Vision,Digital Governance & Technology,Information Technology (IT),Edge Computing & IoT Sensors,Information Technology (IT),Internal,Lenovo,ThinkSystem SR675 V3,Unconfirmed,No AI signal in published fields,No,,Smart City study,https://www.lenovo.com/content/dam/lenovo/iso/customer-references-coe/global/en/case-studies/town-of-cary/lenovo_townofcary_casestudy.pdf,lenovo.com,Public organization or vendor,Not marked verified,
ncs-c926b58f4594,Cary,Wake,183582,,Garbage Truck Edge AI Vision,Digital Governance & Technology,Information Technology (IT),Edge Computing & IoT Sensors,Information Technology (IT),Internal,NVIDIA,AI Enterprise,Unconfirmed,No AI signal in published fields,No,,Smart City study,https://www.lenovo.com/content/dam/lenovo/iso/customer-references-coe/global/en/case-studies/town-of-cary/lenovo_townofcary_casestudy.pdf,lenovo.com,Public organization or vendor,Not marked verified,
ncs-0ce64a426941,Cary,Wake,183582,,IoT Center of Excellence (Semtech/SAS),Digital Governance & Technology,Information Technology (IT),Edge Computing & IoT Sensors,Information Technology (IT),Internal,SAS,Analytics on Microsoft Azure,Unconfirmed,No AI signal in published fields,No,,Smart City study,https://statetechmagazine.com/article/2022/01/cary-nc-build-iot-center-test-new-applications,statetechmagazine.com,Public organization or vendor,Not marked verified,
ncs-617d36937eae,Cary,Wake,183582,,IoT Center of Excellence (Semtech/SAS),Digital Governance & Technology,Information Technology (IT),Edge Computing & IoT Sensors,Information Technology (IT),Internal,Semtech,,Unconfirmed,No AI signal in published fields,No,,Smart City study,https://statetechmagazine.com/article/2022/01/cary-nc-build-iot-center-test-new-applications,statetechmagazine.com,Public organization or vendor,Not marked verified,
ncs-e5a9b0d04925,Cary,Wake,183582,,NC Open Data Portal,Digital Governance & Technology,"Data, AI & Innovation",Open Data Portals,"Data, AI & Innovation",Public Facing,Opendatasoft,Data Portal,Unconfirmed,No AI signal in published fields,No,,Smart City study,https://data.townofcary.org/,data.townofcary.org,Municipal or government website,Not marked verified,
ncs-c6a450a34c97,Cary,Wake,183582,,NWN Smart City Partnership (Cisco Kinetic for Cities),Digital Governance & Technology,Smart City Governance & Performance,Cross-department Data Sharing & Dashboards,Smart City Governance & Performance,Public Facing,Cisco,Kinetic for Cities,Unconfirmed,No AI signal in published fields,No,,Smart City study,https://blogs.cisco.com/partner/transforming-the-citizen-experience-in-the-town-of-cary,blogs.cisco.com,Public organization or vendor,Not marked verified,
ncs-f185abcfa10f,Cary,Wake,183582,,NWN Smart City Partnership (Cisco Kinetic for Cities),Digital Governance & Technology,Smart City Governance & Performance,Cross-department Data Sharing & Dashboards,Smart City Governance & Performance,Public Facing,NWN Corporation,,Unconfirmed,No AI signal in published fields,No,,Smart City study,https://blogs.cisco.com/partner/transforming-the-citizen-experience-in-the-town-of-cary,blogs.cisco.com,Public organization or vendor,Not marked verified,
ncs-9e4bd3a50fe2,Cary,Wake,183582,,Open Data Portal,Digital Governance & Technology,"Data, AI & Innovation",Open Data Portals,"Data, AI & Innovation",Public Facing,,,Unconfirmed,No AI signal in published fields,No,,Smart City study,https://www.carync.gov/projects-initiatives/smart-and-connected-communities-program,carync.gov,Government website,Not marked verified,
ncs-a9454ac640ce,Cary,Wake,183582,,Simulated Smart City (Town Hall Campus),Digital Governance & Technology,Information Technology (IT),Edge Computing & IoT Sensors,Information Technology (IT),Internal,,,Unconfirmed,No AI signal in published fields,No,,Smart City study,https://www.smartcitieslibrary.com/cary-n-c-turns-existing-government-campus-into-a-simulated-smart-city/,smartcitieslibrary.com,Public organization or vendor,Not marked verified,
ncs-331bedc3b254,Cary,Wake,183582,,Simulated Smart City Lab,Digital Governance & Technology,Smart City Governance & Performance,Cross-department Data Sharing & Dashboards,Smart City Governance & Performance,Public Facing,Esri,ArcGIS Map Journal,Unconfirmed,No AI signal in published fields,No,,Smart City study,https://www.carync.gov/projects-initiatives/smart-and-connected-communities-program,carync.gov,Government website,Not marked verified,
ncs-9033e2181736,Cary,Wake,183582,,Smart & Connected Communities Program,Digital Governance & Technology,Smart City Governance & Performance,Cross-department Data Sharing & Dashboards,Smart City Governance & Performance,Public Facing,Applied Information,,Unconfirmed,No AI signal in published fields,No,,Smart City study,https://www.carync.gov/connectedvehicles,carync.gov,Government website,Not marked verified,
ncs-26698058ef76,Cary,Wake,183582,,Smart City Leadership (SHI Innovation Heroes Podcast),Digital Governance & Technology,AI Governance & Strategic Roadmaps,AI Governance & Strategic Roadmaps,AI Governance & Strategic Roadmaps,Public Facing,SHI,,Unconfirmed,AI-primary or AI-dependent,No,,Smart City study,https://blog.shi.com/podcasts/innovation-heroes-podcast/innovation-heroes-a-cio-explains-how-to-build-a-smart-city/,blog.shi.com,Public organization or vendor,Not marked verified,
ncs-591d66e1a201,Cary,Wake,183582,,"Smart City Programs (SAS Water Monitoring, Parking, Waste, Lighting)",Digital Governance & Technology,Smart City Governance & Performance,Cross-department Data Sharing & Dashboards,Smart City Governance & Performance,Public Facing,SAS,Utility Analytics,Unconfirmed,No AI signal in published fields,No,,Smart City study,https://researchtriangle.org/news/the-city-of-the-future-is-being-built-in-cary-nc/,researchtriangle.org,Public organization or vendor,Not marked verified,
ncs-b3924f712c28,Cary,Wake,183582,,Aquastar (Cary Water AMI Portal),Infrastructure & Utilities,Smart Water Meters & AMI,Smart Water Meters & AMI,Smart Water Meters & AMI,Public Facing,,,Unconfirmed,No AI signal in published fields,No,,Smart City study,https://www.carync.gov/services-publications/water-sewer/water/aquastar,carync.gov,Government website,Not marked verified,
ncs-62777233f4c6,Cary,Wake,183582,,Flood Prediction & Preparedness,Infrastructure & Utilities,Environmental Monitoring,Flood Prediction & Water Level Sensors,Environmental Monitoring,Internal,SAS,,Unconfirmed,No AI signal in published fields,No,,Smart City study,https://www.sas.com/en_us/customers/townofcary-flood-prediction.html,sas.com,Public organization or vendor,Not marked verified,
ncs-08381b146374,Cary,Wake,183582,,2070 Traffic Signal Controllers,Mobility & Transport,Transportation & Mobility,Adaptive Traffic Signal Control & Transit Preemption,Transportation & Mobility,Internal,Econolite,Safetran 2070LX Controller (ASC/3-2070 software),Unconfirmed,No AI signal in published fields,No,,Smart City study,https://nmcdn.io/e186d21f8c7946a19faed23c3da2f0da/8bfec28a290449a7b10eb1fee3a0e264/files/programs-studies/its/Western-Wake-Traffic-Signal-System-Integration-Guidebook--2022-06-08--Final-Draft.pdf,nmcdn.io,Public organization or vendor,Marked verified in working data,
ncs-8ba8aac3bff9,Cary,Wake,183582,,Accessible Pedestrian Signals (APS),Mobility & Transport,Transportation & Mobility,Intelligent Transportation Systems (ITS),Transportation & Mobility,Internal,Polara,EZ APS Tool Box,Unconfirmed,No AI signal in published fields,No,,Smart City study,https://nmcdn.io/e186d21f8c7946a19faed23c3da2f0da/8bfec28a290449a7b10eb1fee3a0e264/files/programs-studies/its/Western-Wake-Traffic-Signal-System-Integration-Guidebook--2022-06-08--Final-Draft.pdf,nmcdn.io,Public organization or vendor,Marked verified in working data,
ncs-62f96122a4a0,Cary,Wake,183582,,Advanced Traffic Management System (ATMS),Mobility & Transport,Transportation & Mobility,Adaptive Traffic Signal Control & Transit Preemption,Transportation & Mobility,Public Facing,,,Unconfirmed,No AI signal in published fields,No,,Smart City study,https://www.carync.gov/services-publications/traffic/advanced-traffic-management-system,carync.gov,Government website,Not marked verified,
ncs-c1d07851a66b,Cary,Wake,183582,,AI Video Detection at Intersections,Mobility & Transport,AI-Powered Smart Intersections & Traffic Analytics,AI-Powered Smart Intersections & Traffic Analytics,AI-Powered Smart Intersections & Traffic Analytics,Internal,Econolite,Autoscope Vision,Unconfirmed,AI-primary or AI-dependent,No,,Smart City study,https://nmcdn.io/e186d21f8c7946a19faed23c3da2f0da/8bfec28a290449a7b10eb1fee3a0e264/files/programs-studies/its/Western-Wake-Traffic-Signal-System-Integration-Guidebook--2022-06-08--Final-Draft.pdf,nmcdn.io,Public organization or vendor,Marked verified in working data,
ncs-61ff0a034062,Cary,Wake,183582,,CASSI Autonomous Shuttle Pilot,Mobility & Transport,Transportation & Mobility,Microtransit & Autonomous Transit,Transportation & Mobility,Public Facing,NCDOT,,Pilot,No AI signal in published fields,No,,Smart City study,https://www.carync.gov/projects-initiatives/smart-connected-communities-program/cassi,carync.gov,Government website,Not marked verified,
ncs-9374dfeab951,Cary,Wake,183582,,Central Traffic Signal System (ATMS),Mobility & Transport,Transportation & Mobility,Adaptive Traffic Signal Control & Transit Preemption,Transportation & Mobility,Internal,Econolite,CENTRACS ATMS,Unconfirmed,No AI signal in published fields,No,,Smart City study,https://nmcdn.io/e186d21f8c7946a19faed23c3da2f0da/8bfec28a290449a7b10eb1fee3a0e264/files/programs-studies/its/Western-Wake-Traffic-Signal-System-Integration-Guidebook--2022-06-08--Final-Draft.pdf,nmcdn.io,Public organization or vendor,Marked verified in working data,
ncs-c70dc572d350,Cary,Wake,183582,,Connected Vehicle Program (C-V2X),Mobility & Transport,Transportation & Mobility,Adaptive Traffic Signal Control & Transit Preemption,Transportation & Mobility,Public Facing,Applied Information,TravelSafely App,Unconfirmed,No AI signal in published fields,No,,Smart City study,https://www.carync.gov/connectedvehicles,carync.gov,Government website,Not marked verified,
ncs-2db79638d041,Cary,Wake,183582,,Connected Vehicles (V2X),Mobility & Transport,Transportation & Mobility,Connected Vehicles (V2X),Transportation & Mobility,Public Facing,Applied Information,TravelSafely,Unconfirmed,No AI signal in published fields,No,,Smart City study,https://www.carync.gov/connectedvehicles,carync.gov,Government website,Not marked verified,
ncs-473cd49b9970,Cary,Wake,183582,,Connected Vehicles (V2X),Mobility & Transport,Transportation & Mobility,Connected Vehicles (V2X),Transportation & Mobility,Public Facing,Applied Information,,Unconfirmed,No AI signal in published fields,No,,Smart City study,https://www.carync.gov/connectedvehicles,carync.gov,Government website,Not marked verified,
ncs-26963c77fa38,Cary,Wake,183582,,Emergency Vehicle Preemption (EVP),Mobility & Transport,Transportation & Mobility,Adaptive Traffic Signal Control & Transit Preemption,Transportation & Mobility,Internal,GTT (Opticom),711/722 Detectors,Unconfirmed,No AI signal in published fields,No,,Smart City study,https://nmcdn.io/e186d21f8c7946a19faed23c3da2f0da/8bfec28a290449a7b10eb1fee3a0e264/files/programs-studies/its/Western-Wake-Traffic-Signal-System-Integration-Guidebook--2022-06-08--Final-Draft.pdf,nmcdn.io,Public organization or vendor,Marked verified in working data,
ncs-fcfb166e159e,Cary,Wake,183582,,Emergency Vehicle Preemption (EVP),Mobility & Transport,Transportation & Mobility,Adaptive Traffic Signal Control & Transit Preemption,Transportation & Mobility,Internal,GTT (Opticom),762/764 Phase Selector,Unconfirmed,No AI signal in published fields,No,,Smart City study,https://nmcdn.io/e186d21f8c7946a19faed23c3da2f0da/8bfec28a290449a7b10eb1fee3a0e264/files/programs-studies/its/Western-Wake-Traffic-Signal-System-Integration-Guidebook--2022-06-08--Final-Draft.pdf,nmcdn.io,Public organization or vendor,Marked verified in working data,
ncs-0a065142f81e,Cary,Wake,183582,,Emergency Vehicle Preemption (EVP),Mobility & Transport,Transportation & Mobility,Adaptive Traffic Signal Control & Transit Preemption,Transportation & Mobility,Internal,GTT (Opticom),On Site software,Unconfirmed,No AI signal in published fields,No,,Smart City study,https://nmcdn.io/e186d21f8c7946a19faed23c3da2f0da/8bfec28a290449a7b10eb1fee3a0e264/files/programs-studies/its/Western-Wake-Traffic-Signal-System-Integration-Guidebook--2022-06-08--Final-Draft.pdf,nmcdn.io,Public organization or vendor,Marked verified in working data,
ncs-5db3f0edaa59,Cary,Wake,183582,,EV Charging Ports,Mobility & Transport,Transportation & Mobility,Public EV Charging Infrastructure,Transportation & Mobility,Public Facing,,,Unconfirmed,No AI signal in published fields,No,,Smart City study,https://www.carync.gov/projects-initiatives/smart-and-connected-communities-program,carync.gov,Government website,Not marked verified,
ncs-b55a81807e40,Cary,Wake,183582,,Fiber-Optic Signal Communications,Mobility & Transport,Transportation & Mobility,Intelligent Transportation Systems (ITS),Transportation & Mobility,Internal,International Fiber Systems (IFS),D9130 Fiber Transceiver,Unconfirmed,No AI signal in published fields,No,,Smart City study,https://nmcdn.io/e186d21f8c7946a19faed23c3da2f0da/8bfec28a290449a7b10eb1fee3a0e264/files/programs-studies/its/Western-Wake-Traffic-Signal-System-Integration-Guidebook--2022-06-08--Final-Draft.pdf,nmcdn.io,Public organization or vendor,Marked verified in working data,
ncs-3d5fb5e4c0f2,Cary,Wake,183582,,Fiber-Optic Signal Communications,Mobility & Transport,Transportation & Mobility,Intelligent Transportation Systems (ITS),Transportation & Mobility,Internal,Meridian Technologies,PX2300M-2ST Fiber Transceiver,Unconfirmed,No AI signal in published fields,No,,Smart City study,https://nmcdn.io/e186d21f8c7946a19faed23c3da2f0da/8bfec28a290449a7b10eb1fee3a0e264/files/programs-studies/its/Western-Wake-Traffic-Signal-System-Integration-Guidebook--2022-06-08--Final-Draft.pdf,nmcdn.io,Public organization or vendor,Marked verified in working data,
ncs-c9e46c855f44,Cary,Wake,183582,,Intelligent Transportation System (ITS),Mobility & Transport,Transportation & Mobility,Intelligent Transportation Systems (ITS),Transportation & Mobility,Public Facing,,,Unconfirmed,No AI signal in published fields,No,,Smart City study,https://www.carync.gov/projects-initiatives/smart-and-connected-communities-program,carync.gov,Government website,Not marked verified,
ncs-739e7a4d6966,Cary,Wake,183582,,Intersection Ethernet Networking,Mobility & Transport,Transportation & Mobility,Intelligent Transportation Systems (ITS),Transportation & Mobility,Internal,Cisco,IE-3300 Ethernet switch,Unconfirmed,No AI signal in published fields,No,,Smart City study,https://nmcdn.io/e186d21f8c7946a19faed23c3da2f0da/8bfec28a290449a7b10eb1fee3a0e264/files/programs-studies/its/Western-Wake-Traffic-Signal-System-Integration-Guidebook--2022-06-08--Final-Draft.pdf,nmcdn.io,Public organization or vendor,Marked verified in working data,
ncs-b8f1d61f32b6,Cary,Wake,183582,,Malfunction Management Units (MMU),Mobility & Transport,Transportation & Mobility,Intelligent Transportation Systems (ITS),Transportation & Mobility,Internal,Eberle Design (EDI),ECcom remote monitoring,Unconfirmed,No AI signal in published fields,No,,Smart City study,https://nmcdn.io/e186d21f8c7946a19faed23c3da2f0da/8bfec28a290449a7b10eb1fee3a0e264/files/programs-studies/its/Western-Wake-Traffic-Signal-System-Integration-Guidebook--2022-06-08--Final-Draft.pdf,nmcdn.io,Public organization or vendor,Marked verified in working data,
ncs-3421cd15b040,Cary,Wake,183582,,Malfunction Management Units (MMU),Mobility & Transport,Transportation & Mobility,Intelligent Transportation Systems (ITS),Transportation & Mobility,Internal,Eberle Design (EDI),MMU2-16LEip conflict monitor,Unconfirmed,No AI signal in published fields,No,,Smart City study,https://nmcdn.io/e186d21f8c7946a19faed23c3da2f0da/8bfec28a290449a7b10eb1fee3a0e264/files/programs-studies/its/Western-Wake-Traffic-Signal-System-Integration-Guidebook--2022-06-08--Final-Draft.pdf,nmcdn.io,Public organization or vendor,Marked verified in working data,
ncs-b9ce379a4efa,Cary,Wake,183582,,Signal Cabinet Monitoring,Mobility & Transport,Transportation & Mobility,Intelligent Transportation Systems (ITS),Transportation & Mobility,Internal,Glance,Cabinet Monitoring System,Unconfirmed,No AI signal in published fields,No,,Smart City study,https://nmcdn.io/e186d21f8c7946a19faed23c3da2f0da/8bfec28a290449a7b10eb1fee3a0e264/files/programs-studies/its/Western-Wake-Traffic-Signal-System-Integration-Guidebook--2022-06-08--Final-Draft.pdf,nmcdn.io,Public organization or vendor,Marked verified in working data,
ncs-8d3dd7849004,Cary,Wake,183582,,Smart School Zone Flashers,Mobility & Transport,Transportation & Mobility,Intelligent Transportation Systems (ITS),Transportation & Mobility,Internal,Tapco,Configuration Tool,Unconfirmed,No AI signal in published fields,No,,Smart City study,https://nmcdn.io/e186d21f8c7946a19faed23c3da2f0da/8bfec28a290449a7b10eb1fee3a0e264/files/programs-studies/its/Western-Wake-Traffic-Signal-System-Integration-Guidebook--2022-06-08--Final-Draft.pdf,nmcdn.io,Public organization or vendor,Marked verified in working data,
ncs-f50a3aa0f5a4,Cary,Wake,183582,,Town Hall Smart Parking Pilot (Cisco Kinetic),Mobility & Transport,Transportation & Mobility,Smart Parking & Curb Management,Transportation & Mobility,Public Facing,Cisco,Kinetic for Cities,Pilot,No AI signal in published fields,No,,Smart City study,https://blogs.cisco.com/partner/transforming-the-citizen-experience-in-the-town-of-cary,blogs.cisco.com,Public organization or vendor,Not marked verified,
ncs-79b5fdcf4279,Cary,Wake,183582,,Traffic CCTV Camera Network,Mobility & Transport,AI-Powered Smart Intersections & Traffic Analytics,AI-Powered Smart Intersections & Traffic Analytics,AI-Powered Smart Intersections & Traffic Analytics,Internal,Genetec,Omnicast,Unconfirmed,AI-primary or AI-dependent,No,,Smart City study,https://nmcdn.io/e186d21f8c7946a19faed23c3da2f0da/8bfec28a290449a7b10eb1fee3a0e264/files/programs-studies/its/Western-Wake-Traffic-Signal-System-Integration-Guidebook--2022-06-08--Final-Draft.pdf,nmcdn.io,Public organization or vendor,Marked verified in working data,
ncs-27fab5d292fb,Cary,Wake,183582,,Traffic CCTV Camera Network,Mobility & Transport,AI-Powered Smart Intersections & Traffic Analytics,AI-Powered Smart Intersections & Traffic Analytics,AI-Powered Smart Intersections & Traffic Analytics,Internal,Genetec,Security Center 5.4,Unconfirmed,AI-primary or AI-dependent,No,,Smart City study,https://nmcdn.io/e186d21f8c7946a19faed23c3da2f0da/8bfec28a290449a7b10eb1fee3a0e264/files/programs-studies/its/Western-Wake-Traffic-Signal-System-Integration-Guidebook--2022-06-08--Final-Draft.pdf,nmcdn.io,Public organization or vendor,Marked verified in working data,
ncs-a5fe3ed097e4,Cary,Wake,183582,,Traffic-Signal Automation (Cisco Kinetic),Mobility & Transport,Transportation & Mobility,Adaptive Traffic Signal Control & Transit Preemption,Transportation & Mobility,Public Facing,Cisco,Kinetic for Cities,Unconfirmed,No AI signal in published fields,No,,Smart City study,https://blogs.cisco.com/partner/transforming-the-citizen-experience-in-the-town-of-cary,blogs.cisco.com,Public organization or vendor,Not marked verified,
ncs-863df2f35569,Cary,Wake,183582,,Wireless Signal Communications,Mobility & Transport,Transportation & Mobility,Intelligent Transportation Systems (ITS),Transportation & Mobility,Internal,Encom,5200 900 MHz radio,Unconfirmed,No AI signal in published fields,No,,Smart City study,https://nmcdn.io/e186d21f8c7946a19faed23c3da2f0da/8bfec28a290449a7b10eb1fee3a0e264/files/programs-studies/its/Western-Wake-Traffic-Signal-System-Integration-Guidebook--2022-06-08--Final-Draft.pdf,nmcdn.io,Public organization or vendor,Marked verified in working data,
ncs-e721cd2765df,Cary,Wake,183582,,Wireless Signal Communications,Mobility & Transport,Transportation & Mobility,Intelligent Transportation Systems (ITS),Transportation & Mobility,Internal,Intuicom,Intuicom Communicator II,Unconfirmed,No AI signal in published fields,No,,Smart City study,https://nmcdn.io/e186d21f8c7946a19faed23c3da2f0da/8bfec28a290449a7b10eb1fee3a0e264/files/programs-studies/its/Western-Wake-Traffic-Signal-System-Integration-Guidebook--2022-06-08--Final-Draft.pdf,nmcdn.io,Public organization or vendor,Marked verified in working data,
ncs-4cace88e05fe,Cary,Wake,183582,,AI Alarm Call Automation,Safety & Resilience,Emergency Communications & 911,AI-Enhanced 911 Dispatch & Call Handling,Emergency Communications & 911,Internal,RapidSOS,HARMONY AI,Unconfirmed,AI relevance needs review,No,,Smart City study + Municipal AI study,https://abc11.com/post/911-ai-technology-helping-town-cary-more-quickly-efficiently-respond-emergencies/15128034/,abc11.com,Public organization or vendor,Source present; status not audited,https://rapidsos.com/carys-911-center-uses-ai-alarm-call-automation/
ncs-afb9c5ff058b,Cary,Wake,183582,,Drone Detection Pilot,Safety & Resilience,Public Safety,Drone as First Responder,Public Safety,Internal,,,Pilot,No AI signal in published fields,No,,Smart City study,https://www.carync.gov/projects-initiatives/smart-and-connected-communities-program,carync.gov,Government website,Not marked verified,
ncs-2d4da167ec45,Cary,Wake,183582,2024,Flock Safety,Safety & Resilience,Police,Flock Safety,Police,Internal,Flock Safety,,Unconfirmed,AI relevance needs review,No,,Municipal AI study,https://indyweek.com/news/what-the-flock-an-explainer-on-the-controversial-license-plate-reading-cameras-deployed-across-the-triangle/,indyweek.com,Public organization or vendor,Source present; status not audited,
ncs-88def8ac5417,Cary,Wake,183582,,Opioid Wastewater Monitoring,Safety & Resilience,Public Health,Wastewater Epidemiology Sensors,Public Health,Internal,,,Unconfirmed,No AI signal in published fields,No,,Smart City study,https://www.carync.gov/projects-initiatives/smart-and-connected-communities-program,carync.gov,Government website,Not marked verified,
ncs-f781562de104,Cary,Wake,183582,2024,SAS for Flood Prediction and Preparedness,Safety & Resilience,Stormwater Division,SAS for Flood Prediction and Preparedness,Stormwater Division,Internal,SAS,SAS for Flood Prediction and Preparedness,Unconfirmed,AI relevance needs review,No,,Municipal AI study,https://www.sas.com/en_za/customers/townofcary-flood-prediction.html,sas.com,Public organization or vendor,Source present; status not audited,
ncs-798d08ddb346,Cary,Wake,183582,,Traffic Cameras,Safety & Resilience,Public Safety,ALPR & Camera Registries,Public Safety,Public Facing,,,Unconfirmed,No AI signal in published fields,No,,Smart City study,https://www.carync.gov/services-publications/traffic/advanced-traffic-management-system,carync.gov,Government website,Not marked verified,
ncs-111ebb349f19,Cary,Wake,183582,2024,Unify (CAD-to-CAD),Safety & Resilience,911,Unify (CAD-to-CAD),911,Internal,CentralSquare,Unify (CAD-to-CAD),Unconfirmed,AI relevance needs review,No,,Municipal AI study,https://www.centralsquare.com/resources/customer-stories/cary-police-department-nc-the-power-of-interoperability-with-unify-cad-to-cad,centralsquare.com,Public organization or vendor,Source present; status not audited,
ncs-5ccc7f8ec4e9,Cary,Wake,183582,,Video Analytics & Crowd Counting (Cisco Kinetic),Safety & Resilience,Vision AI Platforms,Vision AI Platforms,Vision AI Platforms,Public Facing,Cisco,Kinetic for Cities,Unconfirmed,AI-primary or AI-dependent,No,,Smart City study,https://blogs.cisco.com/partner/transforming-the-citizen-experience-in-the-town-of-cary,blogs.cisco.com,Public organization or vendor,Not marked verified,
ncs-ee614f19eeda,Cary,Wake,183582,,Vision AI / Edge Computing,Safety & Resilience,Vision AI Platforms,Vision AI Platforms,Vision AI Platforms,Public Facing,,,Unconfirmed,AI-primary or AI-dependent,No,,Smart City study,https://www.carync.gov/projects-initiatives/smart-and-connected-communities-program,carync.gov,Government website,Not marked verified,
ncs-b87ae5c837cb,Chapel Hill,Orange,63565,,Online Permit Center,Civic & Community,Citizen Services,Digital Permitting & E-Government,Citizen Services,Public Facing,OpenGov,OpenGov Permitting & Licensing (ViewPoint Cloud),Unconfirmed,No AI signal in published fields,No,,Smart City study,https://www.chapelhillnc.gov/Business-and-Development/Building-Permits-and-Inspections,chapelhillnc.gov,Government website,Not marked verified,
ncs-91eebe95fdb2,Chapel Hill,Orange,63565,,Community Broadband / Next Century Cities Membership,Digital Governance & Technology,Broadband & Connectivity,Public WiFi & Broadband Expansion,Broadband & Connectivity,Public Facing,AT&T,,Unconfirmed,No AI signal in published fields,No,,Smart City study,https://nextcenturycities.org/member/chapel-hill-nc/,nextcenturycities.org,Public organization or vendor,Not marked verified,
ncs-767f599ce633,Chapel Hill,Orange,63565,,Connected Triangle+ Regional Collaboration,Digital Governance & Technology,Smart City Governance & Performance,Cross-department Data Sharing & Dashboards,Smart City Governance & Performance,Public Facing,,,Unconfirmed,No AI signal in published fields,No,,Smart City study,https://raleighnc.gov/apps-maps-and-open-data/services/regional-smart-city-movement-connected-triangle,raleighnc.gov,Government website,Not marked verified,
ncs-0f4d3b7c175e,Chapel Hill,Orange,63565,,Open Data,Digital Governance & Technology,"Data, AI & Innovation",Open Data Portals,"Data, AI & Innovation",Public Facing,Esri,ArcGIS Hub,Unconfirmed,No AI signal in published fields,No,,Smart City study,https://opendata-townofchapelhill.hub.arcgis.com/,opendata-townofchapelhill.hub.arcgis.com,Municipal or government website,Not marked verified,
ncs-05059be2c72b,Chapel Hill,Orange,63565,,Spotlight City Smart City Pilot,Digital Governance & Technology,Information Technology (IT),Edge Computing & IoT Sensors,Information Technology (IT),Public Facing,AT&T,Smart City IoT Pilot,Pilot,No AI signal in published fields,No,,Smart City study,https://www.sustainchapelhill.org/environment,sustainchapelhill.org,Public organization or vendor,Not marked verified,
ncs-0ca946e00efc,Chapel Hill,Orange,63565,,Spotlight City Smart City Pilot,Digital Governance & Technology,Information Technology (IT),Edge Computing & IoT Sensors,Information Technology (IT),Public Facing,Hitachi,Smart City IoT Pilot,Pilot,No AI signal in published fields,No,,Smart City study,https://www.sustainchapelhill.org/environment,sustainchapelhill.org,Public organization or vendor,Not marked verified,
ncs-fec2b8380aef,Chapel Hill,Orange,63565,,July 4th LED Drone Show,Infrastructure & Utilities,Street Lighting,LED/Adaptive Streetlights & Drone Lighting,Street Lighting,Public Facing,Skyworx,LED Drone Show,Unconfirmed,No AI signal in published fields,No,,Smart City study,https://www.chapelhillnc.gov/Events-directory/JULY-4TH-DRONE-SHOW-07-04-26,chapelhillnc.gov,Government website,Not marked verified,
ncs-8d8740a05f59,Chapel Hill,Orange,63565,,AT&T/Hitachi Smart Parking Data Analytics,Mobility & Transport,Transportation & Mobility,Smart Parking & Curb Management,Transportation & Mobility,Public Facing,AT&T,Smart Parking Data Analytics,Unconfirmed,No AI signal in published fields,No,,Smart City study,https://www.sustainchapelhill.org/environment,sustainchapelhill.org,Public organization or vendor,Not marked verified,
ncs-b434767b9f76,Chapel Hill,Orange,63565,,AT&T/Hitachi Smart Parking Data Analytics,Mobility & Transport,Transportation & Mobility,Smart Parking & Curb Management,Transportation & Mobility,Public Facing,Hitachi,Smart Parking Data Analytics,Unconfirmed,No AI signal in published fields,No,,Smart City study,https://www.sustainchapelhill.org/environment,sustainchapelhill.org,Public organization or vendor,Not marked verified,
ncs-b84de2d98c7e,Chapel Hill,Orange,63565,,EV Charging Fee Program,Mobility & Transport,Transportation & Mobility,Public EV Charging Infrastructure,Transportation & Mobility,Public Facing,Duke Energy,,Unconfirmed,No AI signal in published fields,No,,Smart City study,https://www.chapelhillnc.gov/Transportation-and-Parking/Electric-Vehicle-Charging,chapelhillnc.gov,Government website,Not marked verified,
ncs-fcbced283717,Chapel Hill,Orange,63565,,ParkMobile,Mobility & Transport,Transportation & Mobility,Smart Parking & Curb Management,Transportation & Mobility,Public Facing,ParkMobile,Municipalities,Unconfirmed,No AI signal in published fields,No,,Smart City study,https://parkmobile.io/parking/locations/nc/chapel-hill-parking,parkmobile.io,Public organization or vendor,Not marked verified,
ncs-762be243600c,Chapel Hill,Orange,63565,,Vision Zero Chapel Hill,Mobility & Transport,Transportation & Mobility,Intelligent Transportation Systems (ITS),Transportation & Mobility,Public Facing,,,Unconfirmed,No AI signal in published fields,No,,Smart City study,https://engage.chapelhillnc.gov/vz,engage.chapelhillnc.gov,Government website,Not marked verified,
ncs-cf559cf8b4f4,Chapel Hill,Orange,63565,,Regional Heat & Air-Quality Monitoring (Connected Triangle+),Safety & Resilience,Environment & Sustainability,Localized Air/Noise/Heat Island Sensors,Environment & Sustainability,Internal,JustAir,,Unconfirmed,No AI signal in published fields,No,,Smart City study,https://raleighnc.gov/apps-maps-and-open-data/services/smart-raleigh-projects,raleighnc.gov,Government website,Not marked verified,
ncs-f8775c24e978,Charlotte,Mecklenburg,964784,,Accela Citizen Access,Civic & Community,Citizen Services,Digital Permitting & E-Government,Citizen Services,Public Facing,Accela,Citizen Access,Unconfirmed,No AI signal in published fields,No,,Smart City study,https://www.charlottenc.gov/Growth-and-Development/Getting-Started-on-Your-Project/Search-Projects-and-Permits,charlottenc.gov,Government website,Not marked verified,
ncs-0d2fdcdd3e2d,Charlotte,Mecklenburg,964784,,Access Charlotte,Civic & Community,Digital Inclusion,Digital Inclusion,Digital Inclusion,Public Facing,Spectrum (Charter),Internet,Unconfirmed,No AI signal in published fields,No,,Smart City study,https://www.charlottenc.gov/Growth-and-Development/Smart-Charlotte/Access-Charlotte,charlottenc.gov,Government website,Not marked verified,
ncs-9d15e7bfe9ea,Charlotte,Mecklenburg,964784,,Digital Kiosk Program,Civic & Community,Community Engagement,Smart Kiosks,Community Engagement,Public Facing,IKE Smart City,Interactive Digital Kiosks,Unconfirmed,No AI signal in published fields,No,,Smart City study,https://www.charlottenc.gov/City-News/Digital-Kiosk-Program-Set-to-Launch-with-Community-Input-Phase,charlottenc.gov,Government website,Not marked verified,
ncs-0f7b139efd56,Charlotte,Mecklenburg,964784,,AI Strategic Roadmap 2025-2028,Digital Governance & Technology,AI Governance & Strategic Roadmaps,AI Governance & Strategic Roadmaps,AI Governance & Strategic Roadmaps,Internal,,,Unconfirmed,AI-primary or AI-dependent,No,,Smart City study,https://www.charlottenc.gov/files/sharedassets/city/v/1/city-government/departments/documents/iampt/ai-strategic-roadmap-2025-2028-long-version.pdf,charlottenc.gov,Government website,Not marked verified,
ncs-000ee2e81a47,Charlotte,Mecklenburg,964784,,Microsoft-Charlotte Smart City Partnership,Digital Governance & Technology,Smart City Governance & Performance,Cross-department Data Sharing & Dashboards,Smart City Governance & Performance,Public Facing,Microsoft,,Unconfirmed,No AI signal in published fields,No,,Smart City study,https://www.smartcitiesdive.com/news/microsoft-partners-with-charlotte-nc-to-boost-smart-city-tech/566993/,smartcitiesdive.com,Public organization or vendor,Not marked verified,
ncs-c5e4c348c1e9,Charlotte,Mecklenburg,964784,,Open Data Portal,Digital Governance & Technology,"Data, AI & Innovation",Open Data Portals,"Data, AI & Innovation",Public Facing,Esri,ArcGIS Hub,Unconfirmed,No AI signal in published fields,No,,Smart City study,https://data.charlottenc.gov/,data.charlottenc.gov,Government website,Not marked verified,
ncs-76b83a3e7d6b,Charlotte,Mecklenburg,964784,2024,Orion,Digital Governance & Technology,Information Technology,Orion,Information Technology,Internal,SolarWinds,Orion,Unconfirmed,AI relevance needs review,No,,Municipal AI study,https://www.charlottenc.gov/files/sharedassets/city/v/1/city-government/departments/documents/iampt/ai-strategic-roadmap-2025-2028-long-version.pdf,charlottenc.gov,Government website,Source present; status not audited,
ncs-238bbb4b4df6,Charlotte,Mecklenburg,964784,,Smart Charlotte,Digital Governance & Technology,Smart City Governance & Performance,Cross-department Data Sharing & Dashboards,Smart City Governance & Performance,Public Facing,,,Unconfirmed,No AI signal in published fields,No,,Smart City study,https://www.charlottenc.gov/Growth-and-Development/Smart-Charlotte,charlottenc.gov,Government website,Not marked verified,
ncs-8d4bba25effa,Charlotte,Mecklenburg,964784,,Electrical Charging Stations Open Dataset,Mobility & Transport,Transportation & Mobility,Public EV Charging Infrastructure,Transportation & Mobility,Public Facing,,,Unconfirmed,No AI signal in published fields,No,,Smart City study,https://data.charlottenc.gov/datasets/charlotte::electrical-charging-stations/about,data.charlottenc.gov,Government website,Not marked verified,
ncs-b27542e6b9a5,Charlotte,Mecklenburg,964784,,CMPD Drone Program,Safety & Resilience,Public Safety,Drone as First Responder,Public Safety,Internal,,,Unconfirmed,No AI signal in published fields,No,,Smart City study,https://www.wfae.org/show/charlotte-talks-with-mike-collins/2025-11-12/eyes-in-the-sky-police-drones-and-public-safety,wfae.org,Public organization or vendor,Not marked verified,
ncs-d24e3f5348cf,Charlotte,Mecklenburg,964784,2024,License Plate Reader,Safety & Resilience,Police,License Plate Reader,Police,Internal,Flock Safety,License Plate Reader,Unconfirmed,AI relevance needs review,No,,Municipal AI study,https://www.newsobserver.com/news/politics-government/article315990932.html,newsobserver.com,News or trade publication,Source present; status not audited,
ncs-c2b5721875e4,Chatham County,Chatham,85111,,Central Permitting & Inspections,Civic & Community,Citizen Services,Digital Permitting & E-Government,Citizen Services,Public Facing,OpenGov,Permitting & Licensing,Unconfirmed,No AI signal in published fields,No,,Smart City study,https://www.chathamcountync.gov/government/departments-programs-a-h/central-permitting-inspections,chathamcountync.gov,Government website,Not marked verified,
ncs-dc7b8c52d9c9,Chatham County,Chatham,85111,,Digital Inclusion Plan,Civic & Community,Digital Inclusion,Digital Inclusion,Digital Inclusion,Public Facing,,,Unconfirmed,No AI signal in published fields,No,,Smart City study,https://www.chathamcountync.gov/our-community/broadband-access-and-digital-inclusion,chathamcountync.gov,Government website,Not marked verified,
ncs-bf8e05dac85e,Chatham County,Chatham,85111,,Innovate Chatham,Civic & Community,Housing & Neighborhood Services,Digital Equity & Technology Education,Housing & Neighborhood Services,Public Facing,Innovate Chatham,,Unconfirmed,No AI signal in published fields,No,,Smart City study,https://innovatechatham.org/,innovatechatham.org,Public organization or vendor,Not marked verified,
ncs-d9007fe31895,Chatham County,Chatham,85111,,Broadband Expansion News,Digital Governance & Technology,Broadband & Connectivity,Public WiFi & Broadband Expansion,Broadband & Connectivity,Public Facing,Brightspeed,Fiber Internet,Unconfirmed,No AI signal in published fields,No,,Smart City study,https://www.chathamcountync.gov/Home/Components/News/News/16947/19,chathamcountync.gov,Government website,Not marked verified,
ncs-9835e789f987,Chatham County,Chatham,85111,,Broadband Expansion News,Digital Governance & Technology,Broadband & Connectivity,Public WiFi & Broadband Expansion,Broadband & Connectivity,Public Facing,Kinetic (Windstream/Uniti),Fiber Internet,Unconfirmed,No AI signal in published fields,No,,Smart City study,https://www.chathamcountync.gov/Home/Components/News/News/16947/19,chathamcountync.gov,Government website,Not marked verified,
ncs-e44110e7ed3c,Chatham County,Chatham,85111,,Broadband Expansion News,Digital Governance & Technology,Broadband & Connectivity,Public WiFi & Broadband Expansion,Broadband & Connectivity,Public Facing,Spectrum (Charter),Internet,Unconfirmed,No AI signal in published fields,No,,Smart City study,https://www.chathamcountync.gov/Home/Components/News/News/16947/19,chathamcountync.gov,Government website,Not marked verified,
ncs-2034502a13ac,Chatham County,Chatham,85111,,Broadband Grant,Digital Governance & Technology,Broadband & Connectivity,Public WiFi & Broadband Expansion,Broadband & Connectivity,Public Facing,,,Unconfirmed,No AI signal in published fields,No,,Smart City study,"https://chathamnewsrecord.com/stories/state-broadband-grant-to-connect-1900-chatham-homes,15786",chathamnewsrecord.com,Public organization or vendor,Not marked verified,
ncs-39874beafeec,Chatham County,Chatham,85111,,GIS Open Data Hub,Digital Governance & Technology,GIS & Planning,Enterprise GIS,GIS & Planning,Public Facing,Esri,ArcGIS Hub,Unconfirmed,No AI signal in published fields,No,,Smart City study,https://opendata-chathamncgis.opendata.arcgis.com/,opendata-chathamncgis.opendata.arcgis.com,Public organization or vendor,Not marked verified,
ncs-7c4a6440e178,Chatham County,Chatham,85111,,GIS Resources Hub,Digital Governance & Technology,GIS & Planning,Enterprise GIS,GIS & Planning,Internal,,,Unconfirmed,No AI signal in published fields,No,,Smart City study,https://chatham-gis-resources-chathamncgis.hub.arcgis.com/,chatham-gis-resources-chathamncgis.hub.arcgis.com,Public organization or vendor,Not marked verified,
ncs-0d6f4a08c9f8,Chatham County,Chatham,85111,2024,License Plate Reader,Digital Governance & Technology,Sheriff's Office,License Plate Reader,Sheriff's Office,Internal,Flock Safety,License Plate Reader,Unconfirmed,AI relevance needs review,No,,Municipal AI study,https://chathamjournal.com/2026/05/22/pittsboros-flock-fight-how-license-plate-cameras-became-a-test-of-public-safety-privacy-and-local-control/,chathamjournal.com,News or trade publication,Source present; status not audited,
ncs-d53953cf2757,Chatham County,Chatham,85111,,EV Charging Stations,Mobility & Transport,Transportation & Mobility,Public EV Charging Infrastructure,Transportation & Mobility,Public Facing,,,Unconfirmed,No AI signal in published fields,No,,Smart City study,https://www.chathamcountync.gov/our-community/sustainability-in-chatham-county/transportation,chathamcountync.gov,Government website,Not marked verified,
ncs-fd011ab16652,Clayton,Johnston,32633,2024,Permit Clayton,Civic & Community,Development Services,Community Development Software,Development Services,Internal,Clariti,Community Development Software,Unconfirmed,AI relevance needs review,No,,Municipal AI study,https://www.businesswire.com/news/home/20230627611460/en/Clayton-North-Carolina-Moves-Forward-with-Claritis-Community-Development-Software,businesswire.com,Public organization or vendor,Source present; status not audited,
ncs-b6143b6ed131,Clayton,Johnston,32633,,Capital Projects Portal,Digital Governance & Technology,Smart City Governance & Performance,Cross-department Data Sharing & Dashboards,Smart City Governance & Performance,Public Facing,ClearGov,Capital Projects Portal,Unconfirmed,No AI signal in published fields,No,,Smart City study,https://www.townofclaytonnc.org/m/newsflash/Home/Detail/971,townofclaytonnc.org,Municipal or government website,Not marked verified,
ncs-7ff4a89524da,Clayton,Johnston,32633,,Fiber Optic Internet Expansion (Lumos/Brightspeed),Digital Governance & Technology,Broadband & Connectivity,Public WiFi & Broadband Expansion,Broadband & Connectivity,Public Facing,Brightspeed,Fiber Internet,Unconfirmed,No AI signal in published fields,No,,Smart City study,https://www.townofclaytonnc.org/930/Fiber-Installation,townofclaytonnc.org,Municipal or government website,Not marked verified,
ncs-76bd6f576996,Clayton,Johnston,32633,,Fiber Optic Internet Expansion (Lumos/Brightspeed),Digital Governance & Technology,Broadband & Connectivity,Public WiFi & Broadband Expansion,Broadband & Connectivity,Public Facing,Lumos,100% Fiber Optic Internet,Unconfirmed,No AI signal in published fields,No,,Smart City study,https://www.townofclaytonnc.org/930/Fiber-Installation,townofclaytonnc.org,Municipal or government website,Not marked verified,
ncs-a737e425691a,Clayton,Johnston,32633,,AMI (Smart Electric & Water Meters),Infrastructure & Utilities,Smart Water Meters & AMI,Smart Water Meters & AMI,Smart Water Meters & AMI,Public Facing,,,Unconfirmed,No AI signal in published fields,No,,Smart City study,https://www.townofclaytonnc.org/faq.aspx?TID=32,townofclaytonnc.org,Municipal or government website,Not marked verified,
ncs-3b8183bb0fd7,Clayton,Johnston,32633,,Traffic Cameras,Mobility & Transport,Transportation & Mobility,Intelligent Transportation Systems (ITS),Transportation & Mobility,Public Facing,NCDOT,,Unconfirmed,No AI signal in published fields,No,,Smart City study,https://www.weatherbug.com/traffic-cam/clayton-nc-27520,weatherbug.com,Public organization or vendor,Not marked verified,
ncs-f827fc8a8c73,Clayton,Johnston,32633,2024,License Plate Reader,Safety & Resilience,Police,License Plate Reader,Police,Internal,Flock Safety,License Plate Reader,Unconfirmed,AI relevance needs review,No,,Municipal AI study,https://www.atlasofsurveillance.org/search?location=Clayton%2C+NC,atlasofsurveillance.org,Public organization or vendor,Source present; status not audited,
ncs-8677fd078a51,Concord,Cabarrus,114598,,Accela Citizen Access Central Permitting,Civic & Community,Citizen Services,Digital Permitting & E-Government,Citizen Services,Public Facing,Accela,Citizen Access,Unconfirmed,No AI signal in published fields,No,,Smart City study,https://citizenaccess.cabarruscounty.us/,citizenaccess.cabarruscounty.us,Municipal or government website,Not marked verified,
ncs-fdfbda0d94f8,Concord,Cabarrus,114598,,Cabarrus County Open Data Portal,Digital Governance & Technology,"Data, AI & Innovation",Open Data Portals,"Data, AI & Innovation",Public Facing,,,Unconfirmed,No AI signal in published fields,No,,Smart City study,https://www.cabarruscounty.us/Government/Departments/GIS/Top-Calls-to-Action/Open-Data-Portal,cabarruscounty.us,Municipal or government website,Not marked verified,
ncs-783ce9ae9387,Concord,Cabarrus,114598,,Google Fiber Concord,Digital Governance & Technology,Broadband & Connectivity,Public WiFi & Broadband Expansion,Broadband & Connectivity,Public Facing,Gfiber,GFiber,Unconfirmed,No AI signal in published fields,No,,Smart City study,https://concordnc.gov/Services/Community/News/ID/61/Google-Fiber-Coming-to-Concord,concordnc.gov,Government website,Not marked verified,
ncs-a8c8344548b3,Concord,Cabarrus,114598,,AMI Deployment,Infrastructure & Utilities,Electric Utilities,Smart Grids & AMI,Electric Utilities,Public Facing,Vision Metering,,Unconfirmed,No AI signal in published fields,No,,Smart City study,https://www.visionmetering.com/city-of-concord-to-deploy-vision-ami-meters/,visionmetering.com,Public organization or vendor,Not marked verified,
ncs-56e6ae8f1a1d,Concord,Cabarrus,114598,,Downtown Concord Smart Light Poles,Infrastructure & Utilities,Street Lighting,LED/Adaptive Streetlights & Drone Lighting,Street Lighting,Public Facing,,,Unconfirmed,No AI signal in published fields,No,,Smart City study,https://concordnc.gov/Portals/0/Documents/communications/public-affairs/CityLink%20Newsletter/CityLinkNewsletterFall22Web.pdf,concordnc.gov,Government website,Not marked verified,
ncs-2b72f12e8e07,Concord,Cabarrus,114598,,Kannapolis Rider Transit Technology Modernization,Mobility & Transport,Fleet Management,Automatic Vehicle Location (AVL) & Fleet Telematics,Fleet Management,Public Facing,,,Unconfirmed,No AI signal in published fields,No,,Smart City study,https://concordnc.gov/Services/Community/News/ID/2410/City-Secures-145-Million-Grant-to-Modernize-Concord-Kannapolis-Rider-Transit-System,concordnc.gov,Government website,Not marked verified,
ncs-46661aaadaed,Concord,Cabarrus,114598,,Cabarrus County Sheriff's Office ALPR (Flock Safety),Safety & Resilience,Public Safety,ALPR & Camera Registries,Public Safety,Internal,Flock Safety,License Plate Reader (LPR),Unconfirmed,No AI signal in published fields,No,,Smart City study,https://www.atlasofsurveillance.org/search?location=Concord%2C+NC,atlasofsurveillance.org,Public organization or vendor,Not marked verified,
ncs-258998593fc7,Concord,Cabarrus,114598,,Cabarrus County Sheriff's Office Video Analytics (Flock Condor),Safety & Resilience,Vision AI Platforms,Vision AI Platforms,Vision AI Platforms,Internal,Flock Safety,Condor,Unconfirmed,AI-primary or AI-dependent,No,,Smart City study,https://www.atlasofsurveillance.org/search?location=Concord%2C+NC,atlasofsurveillance.org,Public organization or vendor,Not marked verified,
ncs-c5f0f17b8bd7,Concord,Cabarrus,114598,2024,License Plate Reader,Safety & Resilience,Police,License Plate Reader,Police,Internal,Flock Safety,License Plate Reader,Unconfirmed,AI relevance needs review,No,,Municipal AI study,https://www.wsoctv.com/news/local/license-plate-readers-added-concord-mills-monitor-criminal-activity/P7ERF7WXBBGCXJMP2VY5ZGTHHU/,wsoctv.com,Public organization or vendor,Source present; status not audited,
ncs-89a43c23f7dc,Concord,Cabarrus,114598,,Police Department Body-Worn Cameras,Safety & Resilience,Law Enforcement & Surveillance Tech,Body-Worn Cameras,Law Enforcement & Surveillance Tech,Internal,Axon,,Unconfirmed,No AI signal in published fields,No,,Smart City study,https://www.atlasofsurveillance.org/search?location=Concord%2C+NC,atlasofsurveillance.org,Public organization or vendor,Not marked verified,
ncs-3dd34cdaa0a7,Concord,Cabarrus,114598,,Police Department Drone Unit,Safety & Resilience,Public Safety,Drone as First Responder,Public Safety,Internal,,,Unconfirmed,No AI signal in published fields,No,,Smart City study,https://www.atlasofsurveillance.org/search?location=Concord%2C+NC,atlasofsurveillance.org,Public organization or vendor,Not marked verified,
ncs-928b66e0d049,Cornelius,Mecklenburg,964784,,Online Building Permitting (Mecklenburg County Portal),Civic & Community,Citizen Services,Digital Permitting & E-Government,Citizen Services,Public Facing,Accela,Citizen Access,Unconfirmed,No AI signal in published fields,No,,Smart City study,"https://www.cornelius.org/government/departments/planning_/permits,_applications,___fees.php",cornelius.org,Public organization or vendor,Not marked verified,
ncs-3a3d5272ca17,Cornelius,Mecklenburg,35094,,Adaptive Signal Control Technology (West Catawba Ave.),Mobility & Transport,Transportation & Mobility,Adaptive Traffic Signal Control & Transit Preemption,Transportation & Mobility,Public Facing,Rhythm Engineering,,Unconfirmed,No AI signal in published fields,No,,Smart City study,https://www.corneliustoday.com/new-traffic-signal-system-should-improve-catawba/,corneliustoday.com,Public organization or vendor,Not marked verified,
ncs-596f4c01ee87,Cornelius,Mecklenburg,35094,,EV Charging Stations,Mobility & Transport,Transportation & Mobility,Public EV Charging Infrastructure,Transportation & Mobility,Public Facing,ChargePoint,,Unconfirmed,No AI signal in published fields,No,,Smart City study,https://chargehub.com/en/countries/united-states/north-carolina/cornelius.html,chargehub.com,Public organization or vendor,Not marked verified,
ncs-997747dc0a0f,Cornelius,Mecklenburg,35094,,Traffic Cameras,Mobility & Transport,Transportation & Mobility,Intelligent Transportation Systems (ITS),Transportation & Mobility,Public Facing,NCDOT,,Unconfirmed,No AI signal in published fields,No,,Smart City study,https://www.weatherbug.com/traffic-cam/cornelius-nc-28031,weatherbug.com,Public organization or vendor,Not marked verified,
ncs-1818dfac77c9,Cornelius,Mecklenburg,35094,,Police Department Body-Worn Cameras (Axon),Safety & Resilience,Law Enforcement & Surveillance Tech,Body-Worn Cameras,Law Enforcement & Surveillance Tech,Internal,Axon,,Unconfirmed,No AI signal in published fields,No,,Smart City study,https://www.atlasofsurveillance.org/a/NC0600400BWC,atlasofsurveillance.org,Public organization or vendor,Not marked verified,
ncs-32e171fcb8da,Cornelius,Mecklenburg,35094,,Police Department Body-Worn Cameras (Axon),Safety & Resilience,Law Enforcement & Surveillance Tech,Body-Worn Cameras,Law Enforcement & Surveillance Tech,Internal,Motorola Solutions,V300 Body-Worn Camera,Unconfirmed,No AI signal in published fields,No,,Smart City study,https://www.atlasofsurveillance.org/a/NC0600400BWC,atlasofsurveillance.org,Public organization or vendor,Not marked verified,
ncs-8e776dbf95c7,Durham,Durham,305561,2024,Cortico,Civic & Community,Community Engagement,Cortico,Community Engagement,Internal,Cortico,Cortico,Unconfirmed,AI relevance needs review,No,,Municipal AI study,https://cortico.ai/partners/city-of-durham-nc/,cortico.ai,Public organization or vendor,Source present; status not audited,
ncs-7adbf2a62a93,Durham,Durham,305561,,Land Development Office (LDO) Permit Portal,Civic & Community,Citizen Services,Digital Permitting & E-Government,Citizen Services,Public Facing,Avenu Insights & Analytics,LDO Web Portal,Unconfirmed,No AI signal in published fields,No,,Smart City study,https://ldo4.durhamnc.gov/durhamweb/,ldo4.durhamnc.gov,Government website,Not marked verified,
ncs-3aa754748cbf,Durham,Durham,305561,,2025 Digital Cities Award Recognition,Digital Governance & Technology,Smart City Governance & Performance,Cross-department Data Sharing & Dashboards,Smart City Governance & Performance,Public Facing,,,Unconfirmed,No AI signal in published fields,No,,Smart City study,https://www.durhamnc.gov/830/Technology-Solutions,durhamnc.gov,Government website,Not marked verified,
ncs-caabb276a4cd,Durham,Durham,305561,2024,ClearPoint Strategy,Digital Governance & Technology,Office of Performance and Innovation,ClearPoint Strategy,Office of Performance and Innovation,Internal,ClearPoint Strategy,ClearPoint Strategy,Unconfirmed,AI relevance needs review,No,,Municipal AI study,https://www.youtube.com/watch?v=QtFgBFggDIs,youtube.com,Public organization or vendor,Source present; status not audited,
ncs-ee4e4ed2db51,Durham,Durham,305561,,Open Data Portal,Digital Governance & Technology,"Data, AI & Innovation",Open Data Portals,"Data, AI & Innovation",Public Facing,Esri,ArcGIS Hub,Unconfirmed,No AI signal in published fields,No,,Smart City study,https://live-durhamnc.opendata.arcgis.com/,live-durhamnc.opendata.arcgis.com,Municipal or government website,Not marked verified,
ncs-80819d708eac,Durham,Durham,305561,,Smart City Initiatives FY20,Digital Governance & Technology,AI Governance & Strategic Roadmaps,AI Governance & Strategic Roadmaps,AI Governance & Strategic Roadmaps,Public Facing,,,Unconfirmed,AI-primary or AI-dependent,No,,Smart City study,https://www.durhamnc.gov/3920/SMART-City-Initiatives-FY20,durhamnc.gov,Government website,Not marked verified,
ncs-72e2f5eda6b8,Durham,Durham,305561,,Water Meter Replacement Project,Infrastructure & Utilities,Water Utilities & Wastewater,Predictive Water Maintenance,Water Utilities & Wastewater,Public Facing,Neptune Technology Group,,Unconfirmed,No AI signal in published fields,No,,Smart City study,https://www.durhamnc.gov/Archive/ViewFile/Item/1205,durhamnc.gov,Government website,Not marked verified,
ncs-97840b5e76d2,Durham,Durham,305561,2024,Analytics,Mobility & Transport,Transportation,Analytics,Transportation,Internal,Spare,Analytics,Unconfirmed,AI relevance needs review,No,,Municipal AI study,https://spare.com/customer-stories/driving-independence-through-godurham-access,spare.com,Public organization or vendor,Source present; status not audited,
ncs-e94e597fb681,Durham,Durham,305561,,Connected/Autonomous Vehicle Test Corridors,Mobility & Transport,Transportation & Mobility,Connected Vehicles (V2X),Transportation & Mobility,Public Facing,Summit Design and Engineering Services,,Unconfirmed,No AI signal in published fields,No,,Smart City study,https://summitde.com/durham-traffic-signal-system-upgrade/,summitde.com,Public organization or vendor,Not marked verified,
ncs-4dbe4f770724,Durham,Durham,305561,,Downtown Durham DC Fast Charger,Mobility & Transport,Transportation & Mobility,Public EV Charging Infrastructure,Transportation & Mobility,Public Facing,Kempower,DC Fast Charger,Unconfirmed,No AI signal in published fields,No,,Smart City study,https://kempower.com/news/city_of_durham_opens_first_public_charging_site/,kempower.com,Public organization or vendor,Not marked verified,
ncs-344b276960e8,Durham,Durham,305561,,ParkDurham,Mobility & Transport,Transportation & Mobility,Smart Parking & Curb Management,Transportation & Mobility,Public Facing,ParkMobile,Municipalities,Unconfirmed,No AI signal in published fields,No,,Smart City study,https://www.parkdurham.org/167/Pay-with-the-ParkMobile-App,parkdurham.org,Public organization or vendor,Not marked verified,
ncs-7e6247d21830,Durham,Durham,305561,,Pedestrian Hybrid Beacon (HAWK),Mobility & Transport,Transportation & Mobility,Intelligent Transportation Systems (ITS),Transportation & Mobility,Public Facing,City of Durham,Pedestrian Hybrid Beacon,Unconfirmed,No AI signal in published fields,No,,Smart City study,https://www.durhamnc.gov/3322/Pedestrian-Hybrid-Beacon-HAWK,durhamnc.gov,Government website,Not marked verified,
ncs-a7444967ca26,Durham,Durham,305561,,Traffic Signal System Upgrade,Mobility & Transport,Transportation & Mobility,Adaptive Traffic Signal Control & Transit Preemption,Transportation & Mobility,Public Facing,Summit Design and Engineering Services,,Unconfirmed,No AI signal in published fields,No,,Smart City study,https://summitde.com/durham-traffic-signal-system-upgrade/,summitde.com,Public organization or vendor,Not marked verified,
ncs-bc1efffbb399,Durham,Durham,305561,2024,Auto-Transcribe,Safety & Resilience,Police,Auto-Transcribe,Police,Internal,Axon,Auto-Transcribe,Unconfirmed,AI relevance needs review,No,,Municipal AI study,https://www.newsobserver.com/news/local/counties/durham-county/article315971271.html,newsobserver.com,News or trade publication,Source present; status not audited,
ncs-fb3426cf91a5,Durham,Durham,305561,2024,Body,Safety & Resilience,Police,Body,Police,Internal,Axon,Body,Unconfirmed,AI relevance needs review,No,,Municipal AI study,https://www.govtech.com/public-safety/new-police-tech-contract-ignites-privacy-debate-in-durham-n-c,govtech.com,News or trade publication,Source present; status not audited,
ncs-d9a9c108c619,Durham,Durham,305561,,CCTV Traffic Camera System & Video Wall (127 Locations),Safety & Resilience,Public Safety,ALPR & Camera Registries,Public Safety,Internal,Summit Design and Engineering Services,,Unconfirmed,No AI signal in published fields,No,,Smart City study,https://summitde.com/durham-traffic-signal-system-upgrade/,summitde.com,Public organization or vendor,Not marked verified,
ncs-fd318b61410f,Durham,Durham,305561,,Drone as First Responder (DFR),Safety & Resilience,Public Safety,Drone as First Responder,Public Safety,Internal,Axon,DFR,Unconfirmed,No AI signal in published fields,No,,Smart City study,https://www.newsobserver.com/news/local/counties/durham-county/article315971271.html,newsobserver.com,News or trade publication,Not marked verified,
ncs-075912a8471d,Durham,Durham,305561,2024,Drone as First Responder (DFR),Safety & Resilience,Police,Drone as First Responder (DFR),Police,Internal,Axon,Drone as First Responder (DFR),Unconfirmed,AI relevance needs review,No,,Municipal AI study,https://www.newsobserver.com/news/local/counties/durham-county/article315971271.html,newsobserver.com,News or trade publication,Source present; status not audited,
ncs-e69778f7d55e,Durham,Durham,305561,2024,Evidence,Safety & Resilience,Police,Evidence,Police,Internal,Axon,Evidence,Unconfirmed,AI relevance needs review,No,,Municipal AI study,https://www.newsobserver.com/news/local/counties/durham-county/article315971271.html,newsobserver.com,News or trade publication,Source present; status not audited,
ncs-8553f630adc7,Durham,Durham,305561,2024,Fleet,Safety & Resilience,Police,Fleet,Police,Internal,Axon,Fleet,Unconfirmed,AI relevance needs review,No,,Municipal AI study,https://www.newsobserver.com/news/local/counties/durham-county/article315971271.html,newsobserver.com,News or trade publication,Source present; status not audited,
ncs-6c9123790243,Durham,Durham,305561,2024,Fusus,Safety & Resilience,Police,Fusus,Police,Internal,Axon,Fusus,Unconfirmed,AI relevance needs review,No,,Municipal AI study,https://www.newsobserver.com/news/local/counties/durham-county/article315971271.html,newsobserver.com,News or trade publication,Source present; status not audited,
ncs-864005694387,Durham,Durham,305561,2024,VR Training,Safety & Resilience,Police,VR Training,Police,Internal,Axon,VR Training,Unconfirmed,AI relevance needs review,No,,Municipal AI study,https://www.newsobserver.com/news/local/counties/durham-county/article315971271.html,newsobserver.com,News or trade publication,Source present; status not audited,
ncs-89abe01bc385,Fayetteville,Cumberland,209120,,City of Fayetteville Open Data Portal,Digital Governance & Technology,"Data, AI & Innovation",Open Data Portals,"Data, AI & Innovation",Public Facing,Esri,ArcGIS Hub,Unconfirmed,No AI signal in published fields,No,,Smart City study,https://data.fayettevillenc.gov/,data.fayettevillenc.gov,Government website,Not marked verified,
ncs-175c6ef46a93,Fayetteville,Cumberland,209120,,Free Public Wireless,Digital Governance & Technology,Broadband & Connectivity,Public WiFi & Broadband Expansion,Broadband & Connectivity,Public Facing,,,Unconfirmed,No AI signal in published fields,No,,Smart City study,https://www.fayettevillenc.gov/City-Departments/Information-Technology/Free-Public-Wireless,fayettevillenc.gov,Government website,Not marked verified,
ncs-8be0f3a0c174,Fayetteville,Cumberland,209120,,IT Strategic Plan - Smart City Metrics (Unverified),Digital Governance & Technology,Smart City Governance & Performance,Cross-department Data Sharing & Dashboards,Smart City Governance & Performance,Public Facing,,,Unconfirmed,No AI signal in published fields,No,,Smart City study,https://www.fayettevillenc.gov/,fayettevillenc.gov,Government website,Not marked verified,
ncs-521ee7248dff,Fayetteville,Cumberland,209120,,PWC SCADA Cybersecurity Enhancement,Digital Governance & Technology,Cybersecurity,Cybersecurity & AI Governance,Cybersecurity,Internal,,,Unconfirmed,AI-primary or AI-dependent,No,,Smart City study,https://www.faypwc.com/wp-content/uploads/2024/10/strategic-plan-20241016.pdf,faypwc.com,Public organization or vendor,Not marked verified,
ncs-dc5bda7a03fe,Fayetteville,Cumberland,209120,,Stormwater Digital Twin,Digital Governance & Technology,GIS & Planning,Urban Digital Twins & 3D City Models,GIS & Planning,Internal,Autodesk,InfoWorks ICM Stormwater Modeling,Unconfirmed,No AI signal in published fields,No,,Smart City study,https://www.fayettevillenc.gov/,fayettevillenc.gov,Government website,Not marked verified,
ncs-c82b29a67655,Fayetteville,Cumberland,209120,,Innovation District Initiative,Economy & Administration,Economic Development,Economic Development / Certified Smart Sites,Economic Development,Public Facing,,,Unconfirmed,No AI signal in published fields,No,,Smart City study,https://www.cityviewnc.com/stories/city-leaders-look-to-make-fayetteville-more-attractive-with-innovation-district/,cityviewnc.com,Public organization or vendor,Not marked verified,
ncs-b7c2f5ee14ad,Fayetteville,Cumberland,209120,,AMI Project,Infrastructure & Utilities,Electric Utilities,Smart Grids & AMI,Electric Utilities,Public Facing,Advanced Wireless Solutions,,Unconfirmed,No AI signal in published fields,No,,Smart City study,https://www.awsinc.biz/portfolio/fayetteville-nc-ami/,awsinc.biz,Public organization or vendor,Not marked verified,
ncs-ecba1f70e99c,Fayetteville,Cumberland,209120,,AMI Project,Infrastructure & Utilities,Electric Utilities,Smart Grids & AMI,Electric Utilities,Public Facing,Sensus,FlexNet,Unconfirmed,No AI signal in published fields,No,,Smart City study,https://www.awsinc.biz/portfolio/fayetteville-nc-ami/,awsinc.biz,Public organization or vendor,Not marked verified,
ncs-ce35a3d79a50,Fayetteville,Cumberland,209120,,PWC Community Solar Project,Infrastructure & Utilities,Renewable Energy & Microgrids,Clean Energy Microgrid,Renewable Energy & Microgrids,Public Facing,,,Unconfirmed,No AI signal in published fields,No,,Smart City study,https://www.faypwc.com/wp-content/uploads/2024/10/strategic-plan-20241016.pdf,faypwc.com,Public organization or vendor,Not marked verified,
ncs-6662271886fd,Fayetteville,Cumberland,209120,,Adaptive Traffic Signal System (Vendor Unverified),Mobility & Transport,Transportation & Mobility,Adaptive Traffic Signal Control & Transit Preemption,Transportation & Mobility,Public Facing,,,Unconfirmed,No AI signal in published fields,No,,Smart City study,https://www.fayettevillenc.gov/,fayettevillenc.gov,Government website,Not marked verified,
ncs-553c5c3cd511,Fayetteville,Cumberland,209120,,ITS & Computerized Traffic Signals (NCDOT Partnership),Mobility & Transport,Transportation & Mobility,Intelligent Transportation Systems (ITS),Transportation & Mobility,Public Facing,NCDOT,,Unconfirmed,No AI signal in published fields,No,,Smart City study,https://www.wral.com/archive/142459/,wral.com,News or trade publication,Not marked verified,
ncs-14b9c329e410,Fayetteville,Cumberland,209120,,PWC Electric Car Charging Stations,Mobility & Transport,Transportation & Mobility,Public EV Charging Infrastructure,Transportation & Mobility,Public Facing,ChargePoint,,Unconfirmed,No AI signal in published fields,No,,Smart City study,https://www.faypwc.com/electric-car-charging-stations/,faypwc.com,Public organization or vendor,Not marked verified,
ncs-57a00f41d7b7,Fayetteville,Cumberland,209120,,PWC EV Charging Master Plan,Mobility & Transport,Transportation & Mobility,Public EV Charging Infrastructure,Transportation & Mobility,Public Facing,,,Unconfirmed,No AI signal in published fields,No,,Smart City study,https://www.faypwc.com/wp-content/uploads/2024/10/strategic-plan-20241016.pdf,faypwc.com,Public organization or vendor,Not marked verified,
ncs-dc683546d3d3,Fayetteville,Cumberland,209120,2024,Clearview AI,Safety & Resilience,Police,Clearview AI,Police,Internal,Clearview AI,Clearview AI,Unconfirmed,AI relevance needs review,No,,Municipal AI study,https://www.fayobserver.com/story/news/local/2025/06/24/fayetteville-police-department-using-clearview-ai-for-investigations/83518223007,fayobserver.com,Public organization or vendor,Source present; status not audited,
ncs-610220e16ba0,Fayetteville,Cumberland,209120,2024,License Plate Reader,Safety & Resilience,Police,License Plate Reader,Police,Internal,Flock Safety,License Plate Reader,Unconfirmed,AI relevance needs review,No,,Municipal AI study,https://www.newsobserver.com/news/politics-government/article315990932.html,newsobserver.com,News or trade publication,Source present; status not audited,
ncs-e44c660b66e9,Fayetteville,Cumberland,209120,,ShotSpotter Fayetteville,Safety & Resilience,Public Safety,Gunshot Detection,Public Safety,Public Facing,SoundThinking,ShotSpotter,Unconfirmed,AI relevance needs review,No,,Smart City study + Municipal AI study,https://carolinapublicpress.org/56176/fayetteville-approves-gunshot-detection-system-despite-concerns-of-effectiveness/,carolinapublicpress.org,Public organization or vendor,Source present; status not audited,https://www.fayettevillenc.gov/City-Departments/Police-Department/Crime-DataPolice-Reports/ShotSpotter-Fayetteville
ncs-681031ece41b,Fuquay-Varina,Wake,48536,,FVMobile Municipal Information App,Civic & Community,Community Engagement,311 & Crowdsourcing Civic Apps,Community Engagement,Public Facing,CivicPlus,FVMobile,Unconfirmed,AI-capable; use unconfirmed,No,,Smart City study,https://www.fuquay-varina.org/CivicAlerts.aspx?AID=1993&ARC=3377,fuquay-varina.org,Public organization or vendor,Not marked verified,
ncs-54a65dc3646f,Fuquay-Varina,Wake,48536,,Open Data Portal,Digital Governance & Technology,"Data, AI & Innovation",Open Data Portals,"Data, AI & Innovation",Public Facing,Esri,ArcGIS Hub,Unconfirmed,No AI signal in published fields,No,,Smart City study,https://www.fuquay-varina.org/501/Open-Data-Portal,fuquay-varina.org,Public organization or vendor,Not marked verified,
ncs-19d1713318c1,Fuquay-Varina,Wake,183582,,Town-Wide Fiber Construction,Digital Governance & Technology,Broadband & Connectivity,Public WiFi & Broadband Expansion,Broadband & Connectivity,Public Facing,AT&T,,Unconfirmed,No AI signal in published fields,No,,Smart City study,https://www.fuquay-varina.org/1876/Town-Wide-Fiber-Construction,fuquay-varina.org,Public organization or vendor,Not marked verified,
ncs-605ee72fa7fe,Fuquay-Varina,Wake,183582,,Town-Wide Fiber Construction,Digital Governance & Technology,Broadband & Connectivity,Public WiFi & Broadband Expansion,Broadband & Connectivity,Public Facing,Brightspeed,,Unconfirmed,No AI signal in published fields,No,,Smart City study,https://www.fuquay-varina.org/1876/Town-Wide-Fiber-Construction,fuquay-varina.org,Public organization or vendor,Not marked verified,
ncs-c6afa78244fe,Fuquay-Varina,Wake,48536,,Town-Wide Fiber Construction,Digital Governance & Technology,Broadband & Connectivity,Public WiFi & Broadband Expansion,Broadband & Connectivity,Public Facing,Google Fiber,,Unconfirmed,No AI signal in published fields,No,,Smart City study,https://www.fuquay-varina.org/1876/Town-Wide-Fiber-Construction,fuquay-varina.org,Public organization or vendor,Not marked verified,
ncs-57430444c20e,Fuquay-Varina,Wake,48536,,Town-Wide Fiber Construction,Digital Governance & Technology,Broadband & Connectivity,Public WiFi & Broadband Expansion,Broadband & Connectivity,Public Facing,Lumos/T-Fiber,,Unconfirmed,No AI signal in published fields,No,,Smart City study,https://www.fuquay-varina.org/1876/Town-Wide-Fiber-Construction,fuquay-varina.org,Public organization or vendor,Not marked verified,
ncs-9c6d6179a81c,Fuquay-Varina,Wake,48536,,Town-Wide Fiber Construction,Digital Governance & Technology,Broadband & Connectivity,Public WiFi & Broadband Expansion,Broadband & Connectivity,Public Facing,Ting,,Unconfirmed,No AI signal in published fields,No,,Smart City study,https://www.fuquay-varina.org/1876/Town-Wide-Fiber-Construction,fuquay-varina.org,Public organization or vendor,Not marked verified,
ncs-0dee92ad5c49,Fuquay-Varina,Wake,48536,,eMeters Water Usage Portal,Infrastructure & Utilities,Smart Water Meters & AMI,Smart Water Meters & AMI,Smart Water Meters & AMI,Public Facing,Temetra,,Unconfirmed,No AI signal in published fields,No,,Smart City study,https://www.fuquay-varina.org/997/eMeters-Online-Access,fuquay-varina.org,Public organization or vendor,Not marked verified,
ncs-d09ca75ea6de,Fuquay-Varina,Wake,48536,,NCDOT CENTRACS Traffic Signal System (Western Wake),Mobility & Transport,Transportation & Mobility,Adaptive Traffic Signal Control & Transit Preemption,Transportation & Mobility,Public Facing,Econolite,CENTRACS ATMS,Unconfirmed,No AI signal in published fields,No,,Smart City study,https://nmcdn.io/e186d21f8c7946a19faed23c3da2f0da/8bfec28a290449a7b10eb1fee3a0e264/files/programs-studies/its/Western-Wake-Traffic-Signal-System-Integration-Guidebook--2022-06-08--Final-Draft.pdf,nmcdn.io,Public organization or vendor,Not marked verified,
ncs-4db67dee4624,Fuquay-Varina,Wake,48536,,Townwide Intelligent Transportation System,Mobility & Transport,Transportation & Mobility,Intelligent Transportation Systems (ITS),Transportation & Mobility,Internal,NCDOT,,Unconfirmed,No AI signal in published fields,No,,Smart City study,https://www.fuquay-varina.org/1485/Fuquay-Varina-Strategic-Plan,fuquay-varina.org,Public organization or vendor,Not marked verified,
ncs-cdc88be6c053,Fuquay-Varina,Wake,48536,2024,Flock Safety,Safety & Resilience,Police,Flock Safety,Police,Internal,Flock Safety,,Unconfirmed,AI relevance needs review,No,,Municipal AI study,https://indyweek.com/news/what-the-flock-an-explainer-on-the-controversial-license-plate-reading-cameras-deployed-across-the-triangle/,indyweek.com,Public organization or vendor,Source present; status not audited,
ncs-c7ffb19a12ce,Garner,Wake,41562,,SmartGov Online Permitting,Civic & Community,Citizen Services,Digital Permitting & E-Government,Citizen Services,Public Facing,Granicus (SmartGov),Permitting & Licensing,Unconfirmed,No AI signal in published fields,No,,Smart City study,https://garnernc.gov/departments/permits-licenses-inspections/smartgov-online-permitting,garnernc.gov,Government website,Not marked verified,
ncs-b8c711945201,Garner,Wake,41562,,"Fiber Installation (AT&T, Google Fiber, Spectrum)",Digital Governance & Technology,Broadband & Connectivity,Public WiFi & Broadband Expansion,Broadband & Connectivity,Public Facing,AT&T,Fiber,Unconfirmed,No AI signal in published fields,No,,Smart City study,https://www.garnernc.gov/departments/engineering/gigabit-fiber-installation,garnernc.gov,Government website,Not marked verified,
ncs-17d0fd97987d,Garner,Wake,41562,,"Gigabit Fiber Installation (AT&T, Google Fiber, Spectrum)",Digital Governance & Technology,Broadband & Connectivity,Public WiFi & Broadband Expansion,Broadband & Connectivity,Public Facing,Google Fiber,GFiber,Unconfirmed,No AI signal in published fields,No,,Smart City study,https://www.garnernc.gov/departments/engineering/gigabit-fiber-installation,garnernc.gov,Government website,Not marked verified,
ncs-bf13eb33773a,Garner,Wake,41562,,"Gigabit Fiber Installation (AT&T, Google Fiber, Spectrum)",Digital Governance & Technology,Broadband & Connectivity,Public WiFi & Broadband Expansion,Broadband & Connectivity,Public Facing,Spectrum (Charter),Internet,Unconfirmed,No AI signal in published fields,No,,Smart City study,https://www.garnernc.gov/departments/engineering/gigabit-fiber-installation,garnernc.gov,Government website,Not marked verified,
ncs-d7bef6541daf,Garner,Wake,41562,,Open Data Portal,Digital Governance & Technology,"Data, AI & Innovation",Open Data Portals,"Data, AI & Innovation",Public Facing,Esri,ArcGIS Hub,Unconfirmed,No AI signal in published fields,No,,Smart City study,https://gis-garnernc.hub.arcgis.com/,gis-garnernc.hub.arcgis.com,Public organization or vendor,Not marked verified,
ncs-b843b0906876,Garner,Wake,41562,,Duke Energy Park & Plug EV Charging Stations,Mobility & Transport,Transportation & Mobility,Public EV Charging Infrastructure,Transportation & Mobility,Public Facing,Duke Energy,,Unconfirmed,No AI signal in published fields,No,,Smart City study,https://www.garnernc.gov/how-do-i/news-list/-item-1828/-npage-2/-arch-1/-selectview-1,garnernc.gov,Government website,Not marked verified,
ncs-b5cd19e96acc,Garner,Wake,41562,2024,Flock Safety,Safety & Resilience,Police,Flock Safety,Police,Internal,Flock Safety,,Unconfirmed,AI relevance needs review,No,,Municipal AI study,https://transparency.flocksafety.com/garner-nc-pd,transparency.flocksafety.com,Public organization or vendor,Source present; status not audited,
ncs-a33ee54107ac,Garner,Wake,41562,,Police Flock Safety ALPR,Safety & Resilience,Public Safety,ALPR & Camera Registries,Public Safety,Internal,Flock Safety,License Plate Reader (LPR),Unconfirmed,No AI signal in published fields,No,,Smart City study,https://transparency.flocksafety.com/garner-nc-pd,transparency.flocksafety.com,Public organization or vendor,Not marked verified,
ncs-e68fa88204d8,Gastonia,Gaston,87067,,2050 Comprehensive Plan (Smart City Ambitions),Civic & Community,Community Engagement,Digital Civic Feedback Platforms,Community Engagement,Public Facing,,,Unconfirmed,No AI signal in published fields,No,,Smart City study,https://gastonianc.gov/gastonia2050,gastonianc.gov,Government website,Not marked verified,
ncs-f5533a8a1fbf,Gastonia,Gaston,87067,,GIS Data Hub,Digital Governance & Technology,GIS & Planning,Enterprise GIS,GIS & Planning,Public Facing,Esri,ArcGIS Hub,Unconfirmed,No AI signal in published fields,No,,Smart City study,https://gis-data-hub-gastonianc.hub.arcgis.com/,gis-data-hub-gastonianc.hub.arcgis.com,Public organization or vendor,Not marked verified,
ncs-a82849a85345,Gastonia,Gaston,87067,,Electric Vehicle Charging Stations (City Program),Mobility & Transport,Transportation & Mobility,Public EV Charging Infrastructure,Transportation & Mobility,Public Facing,,,Unconfirmed,No AI signal in published fields,No,,Smart City study,https://www.cityofgastonia.com/component/content/article/1381-electric-car-charging-stations-2.html?catid=8&Itemid=101,cityofgastonia.com,Municipal or government website,Not marked verified,
ncs-0d9ef27f670a,Gastonia,Gaston,87067,,EV Charging Stations,Mobility & Transport,Transportation & Mobility,Public EV Charging Infrastructure,Transportation & Mobility,Public Facing,ChargePoint,,Unconfirmed,No AI signal in published fields,No,,Smart City study,https://chargehub.com/en/countries/united-states/north-carolina/gastonia.html,chargehub.com,Public organization or vendor,Not marked verified,
ncs-67e2aee548a8,Gastonia,Gaston,87067,,EV Charging Stations,Mobility & Transport,Transportation & Mobility,Public EV Charging Infrastructure,Transportation & Mobility,Public Facing,EVConnect,,Unconfirmed,No AI signal in published fields,No,,Smart City study,https://chargehub.com/en/countries/united-states/north-carolina/gastonia.html,chargehub.com,Public organization or vendor,Not marked verified,
ncs-16a483a4b164,Gastonia,Gaston,87067,,EV Charging Stations,Mobility & Transport,Transportation & Mobility,Public EV Charging Infrastructure,Transportation & Mobility,Public Facing,Tesla,Supercharger,Unconfirmed,No AI signal in published fields,No,,Smart City study,https://chargehub.com/en/countries/united-states/north-carolina/gastonia.html,chargehub.com,Public organization or vendor,Not marked verified,
ncs-d724c28cf095,Gastonia,Gaston,87067,,State of Safety Report (Safety Action Plan / SS4A),Mobility & Transport,Transportation & Mobility,Intelligent Transportation Systems (ITS),Transportation & Mobility,Public Facing,Kimley-Horn,,Unconfirmed,No AI signal in published fields,No,,Smart City study,https://www.gastonianc.gov/images/2026-03-31_Gastonia_SoS_Report.pdf,gastonianc.gov,Government website,Not marked verified,
ncs-69cca6762ec2,Gastonia,Gaston,87067,2024,License Plate Reader,Safety & Resilience,Police,License Plate Reader,Police,Internal,Flock Safety,License Plate Reader,Unconfirmed,AI relevance needs review,No,,Municipal AI study,https://www.gastonianc.gov/police-news-release/3008-gastonia-police-department-launches-real-time-crime-center-to-enhance-public-safety.html,gastonianc.gov,Government website,Source present; status not audited,
ncs-614ae9d1fff2,Gastonia,Gaston,87067,,License Plate Reader Camera Network,Safety & Resilience,Public Safety,ALPR & Camera Registries,Public Safety,Public Facing,Flock Safety,Flock Falcon,Unconfirmed,No AI signal in published fields,No,,Smart City study,https://www.wbtv.com/2024/01/24/gastonia-install-9-license-plate-reading-cameras-across-city/,wbtv.com,Public organization or vendor,Not marked verified,
ncs-957472f5b6f6,Gastonia,Gaston,87067,,PD Mobile Drone Command Center,Safety & Resilience,Public Safety,Drone as First Responder,Public Safety,Internal,,,Unconfirmed,No AI signal in published fields,No,,Smart City study,https://www.wsoctv.com/news/local/gastonia-police-department-receives-375k-donation-mobile-drone-command-center/FUBLWS65TNBHPOEOZO3VOEOH4A/,wsoctv.com,Public organization or vendor,Not marked verified,
ncs-22cc8a1eee20,Gastonia,Gaston,87067,,Police Department Facial Recognition (Clearview AI),Safety & Resilience,Law Enforcement & Surveillance Tech,Facial Recognition,Law Enforcement & Surveillance Tech,Internal,Clearview AI,Clearview AI,Unconfirmed,No AI signal in published fields,No,,Smart City study,https://www.atlasofsurveillance.org/search?location=&page=83&sort=state_asc,atlasofsurveillance.org,Public organization or vendor,Not marked verified,
ncs-984f3f81bf09,Gastonia,Gaston,87067,,Real Time Crime Center / DFR Program,Safety & Resilience,Public Safety,Real-Time Crime Centers (RTCC/RTIC),Public Safety,Internal,,,Unconfirmed,No AI signal in published fields,No,,Smart City study,https://www.wfae.org/show/charlotte-talks-with-mike-collins/2025-11-12/eyes-in-the-sky-police-drones-and-public-safety,wfae.org,Public organization or vendor,Not marked verified,
ncs-547231ef257a,Gastonia,Gaston,87067,,Real-Time Crime Center (RTCC),Safety & Resilience,Public Safety,Real-Time Crime Centers (RTCC/RTIC),Public Safety,Internal,Flock Safety,FlockOS,Unconfirmed,No AI signal in published fields,No,,Smart City study,https://www.gastonianc.gov/police-news-release/3008-gastonia-police-department-launches-real-time-crime-center-to-enhance-public-safety.html,gastonianc.gov,Government website,Not marked verified,
ncs-39e19b4a336f,Gastonia,Gaston,87067,,Real-Time Crime Center (RTCC),Safety & Resilience,Public Safety,Real-Time Crime Centers (RTCC/RTIC),Public Safety,Internal,Flock Safety,License Plate Reader (LPR),Unconfirmed,No AI signal in published fields,No,,Smart City study,https://www.gastonianc.gov/police-news-release/3008-gastonia-police-department-launches-real-time-crime-center-to-enhance-public-safety.html,gastonianc.gov,Government website,Not marked verified,
ncs-27eeba6fec1c,Gastonia,Gaston,87067,,Real-Time Crime Center (RTCC),Safety & Resilience,Public Safety,Real-Time Crime Centers (RTCC/RTIC),Public Safety,Internal,Flock Safety,Video Cameras,Unconfirmed,No AI signal in published fields,No,,Smart City study,https://www.gastonianc.gov/police-news-release/3008-gastonia-police-department-launches-real-time-crime-center-to-enhance-public-safety.html,gastonianc.gov,Government website,Not marked verified,
ncs-e84a2149352d,Goldsboro,Wayne,35012,,Elevate Goldsboro Comprehensive Plan,Civic & Community,Community Engagement,Digital Civic Feedback Platforms,Community Engagement,Public Facing,Kimley-Horn,,Unconfirmed,No AI signal in published fields,No,,Smart City study,https://engagekh.mysocialpinpoint.com/elevategoldsboro,engagekh.mysocialpinpoint.com,Public organization or vendor,Not marked verified,
ncs-a7d45011b84d,Goldsboro,Wayne,35012,,Wayne County eGov Portal,Civic & Community,Citizen Services,Digital Permitting & E-Government,Citizen Services,Public Facing,,,Unconfirmed,No AI signal in published fields,No,,Smart City study,https://www.waynegov.com/148/eGov,waynegov.com,Public organization or vendor,Not marked verified,
ncs-2fd4d4459cf2,Goldsboro,Wayne,35012,,Wayne County GovDeals Online Surplus Auction & Tax Payment,Civic & Community,Citizen Services,Digital Permitting & E-Government,Citizen Services,Public Facing,GovDeals,GovDeals,Unconfirmed,No AI signal in published fields,No,,Smart City study,https://www.waynegov.com/148/eGov,waynegov.com,Public organization or vendor,Not marked verified,
ncs-06ebed172822,Goldsboro,Wayne,35012,,City of Goldsboro Geospatial Data Hub,Digital Governance & Technology,GIS & Planning,Enterprise GIS,GIS & Planning,Public Facing,Esri,ArcGIS Hub,Unconfirmed,No AI signal in published fields,No,,Smart City study,https://nc-goldsboro.hub.arcgis.com/,nc-goldsboro.hub.arcgis.com,Public organization or vendor,Not marked verified,
ncs-0242c7da794e,Goldsboro,Wayne,35012,,Lumos 100% Fiber Internet Launch,Digital Governance & Technology,Broadband & Connectivity,Public WiFi & Broadband Expansion,Broadband & Connectivity,Public Facing,Lumos,100% Fiber Optic Internet,Unconfirmed,No AI signal in published fields,No,,Smart City study,https://www.lumosfiber.com/blog/2023/10/06/lumos-celebrates-the-launch-of-its-100-fiber-optic-internet-in-goldsboro-north-carolina/,lumosfiber.com,Public organization or vendor,Not marked verified,
ncs-a0394e83f420,Goldsboro,Wayne,35012,,Wayne County Online GIS & Property Tax Simulator,Digital Governance & Technology,GIS & Planning,Enterprise GIS,GIS & Planning,Public Facing,,,Unconfirmed,No AI signal in published fields,No,,Smart City study,https://www.waynegov.com/148/eGov,waynegov.com,Public organization or vendor,Not marked verified,
ncs-a621c1ab58de,Goldsboro,Wayne,35012,,Strategic Plan & Performance Dashboard,Economy & Administration,Strategic Performance Management & Scorecards,Strategic Performance Management & Scorecards,Strategic Performance Management & Scorecards,Public Facing,,,Unconfirmed,No AI signal in published fields,No,,Smart City study,https://www.goldsboronc.gov/strategic-plan,goldsboronc.gov,Government website,Not marked verified,
ncs-e730898b0a4a,Goldsboro,Wayne,35012,,Maxwell Center EV Charging,Mobility & Transport,Transportation & Mobility,Public EV Charging Infrastructure,Transportation & Mobility,Public Facing,,,Unconfirmed,No AI signal in published fields,No,,Smart City study,https://chargehub.com/en/ev-charging-stations/united-states/north-carolina/goldsboro/maxwell-center/electric-car-stations-near-me?locId=93869,chargehub.com,Public organization or vendor,Not marked verified,
ncs-3596d649fda1,Goldsboro,Wayne,35012,,Downtown Live Webcam,Safety & Resilience,Public Safety,ALPR & Camera Registries,Public Safety,Public Facing,,,Operational,No AI signal in published fields,No,,Smart City study,https://www.wral.com/video/goldsboro-downtown-live-webcam/,wral.com,News or trade publication,Not marked verified,
ncs-e319a6686e80,Goldsboro,Wayne,35012,,ShotSpotter Gunshot Detection,Safety & Resilience,Public Safety,Gunshot Detection,Public Safety,Internal,SoundThinking,ShotSpotter,Unconfirmed,AI relevance needs review,No,,Smart City study + Municipal AI study,https://carolinapublicpress.org/56176/fayetteville-approves-gunshot-detection-system-despite-concerns-of-effectiveness/,carolinapublicpress.org,Public organization or vendor,Not marked verified,
ncs-4d9244fbdefc,Goldsboro,Wayne,35012,,Traffic Cameras (NCDOT),Safety & Resilience,Public Safety,ALPR & Camera Registries,Public Safety,Public Facing,NCDOT,,Unconfirmed,No AI signal in published fields,No,,Smart City study,https://www.weatherbug.com/traffic-cam/goldsboro-nc-27534,weatherbug.com,Public organization or vendor,Not marked verified,
ncs-8203212d0c02,Graham,Alamance,20131,,City GIS Mapping Portal,Digital Governance & Technology,GIS & Planning,Enterprise GIS,GIS & Planning,Public Facing,Esri,,Unconfirmed,No AI signal in published fields,No,,Smart City study,https://www.cityofgraham.com/planning/,cityofgraham.com,Municipal or government website,Not marked verified,
ncs-047c9f5dca3c,Graham,Alamance,20131,,Electronic Off-Site Water Meter Reading (AMR),Infrastructure & Utilities,Smart Water Meters & AMI,Smart Water Meters & AMI,Smart Water Meters & AMI,Public Facing,,,Unconfirmed,No AI signal in published fields,No,,Smart City study,https://www.cityofgraham.com/water-sewer-billing/,cityofgraham.com,Municipal or government website,Not marked verified,
ncs-9a5c172d5624,Graham,Alamance,20131,,Burlington–Graham Computerized Traffic Signal System,Mobility & Transport,Transportation & Mobility,Adaptive Traffic Signal Control & Transit Preemption,Transportation & Mobility,Public Facing,,,Unconfirmed,No AI signal in published fields,No,,Smart City study,https://www.burlingtonnc.gov/634/Traffic-Signals,burlingtonnc.gov,Government website,Not marked verified,
ncs-4ce8f54fd8d9,Greensboro,Guilford,308667,,Electronic Plan Review & Tracking Portal,Civic & Community,Citizen Services,Digital Permitting & E-Government,Citizen Services,Public Facing,,,Unconfirmed,No AI signal in published fields,No,,Smart City study,https://www.greensboro-nc.gov/departments/engineering-inspections/developers-contractors/building-construction-and-plan-review/electronic-building-plan-review-submittal,greensboro-nc.gov,Government website,Not marked verified,
ncs-117d637f2056,Greensboro,Guilford,308667,,Smart Kiosks in Downtown Greensboro,Civic & Community,Community Engagement,Smart Kiosks,Community Engagement,Public Facing,Smart City Media,,Unconfirmed,No AI signal in published fields,No,,Smart City study,https://www.greensboro-nc.gov/departments/information-technology/smart-kiosk-info,greensboro-nc.gov,Government website,Not marked verified,
ncs-915f8a33c0a2,Greensboro,Guilford,308667,,/Piedmont Triad Tri-Gig Regional Fiber Initiative,Digital Governance & Technology,Broadband & Connectivity,Public WiFi & Broadband Expansion,Broadband & Connectivity,Public Facing,,,Unconfirmed,No AI signal in published fields,No,,Smart City study,https://communitynetworks.org/content/nc-partners-fiber-will-give-region-green-light-gig,communitynetworks.org,Public organization or vendor,Not marked verified,
ncs-62dd81130694,Greensboro,Guilford,308667,,Open Data Portal (Open Gate City),Digital Governance & Technology,"Data, AI & Innovation",Open Data Portals,"Data, AI & Innovation",Public Facing,,,Unconfirmed,No AI signal in published fields,No,,Smart City study,https://data.greensboro-nc.gov/datasets,data.greensboro-nc.gov,Government website,Not marked verified,
ncs-f8fb45f57634,Greensboro,Guilford,308667,,Open Gate City (Greensboro Open Data Portal),Digital Governance & Technology,"Data, AI & Innovation",Open Data Portals,"Data, AI & Innovation",Public Facing,Esri,ArcGIS Hub,Unconfirmed,No AI signal in published fields,No,,Smart City study,https://data.greensboro-nc.gov/,data.greensboro-nc.gov,Government website,Not marked verified,
ncs-9fbedc212a3b,Greensboro,Guilford,308667,2024,Prairie Robotics,Digital Governance & Technology,Waste Management,Prairie Robotics,Waste Management,Internal,Prairie Robotics,Prairie Robotics,Unconfirmed,AI relevance needs review,No,,Municipal AI study,https://www.rhinotimes.com/news/city-of-greensboro-to-use-ai-to-photograph-the-contents-of-your-garbage/,rhinotimes.com,News or trade publication,Source present; status not audited,
ncs-39463494588c,Greensboro,Guilford,308667,,Segra Fiber Corridor,Digital Governance & Technology,Broadband & Connectivity,Public WiFi & Broadband Expansion,Broadband & Connectivity,Public Facing,Segra,,Unconfirmed,No AI signal in published fields,No,,Smart City study,https://www.us-ignite.org/community/greensboro-nc/,us-ignite.org,Public organization or vendor,Not marked verified,
ncs-769459b720b5,Greensboro,Guilford,308667,,US Ignite Smart City,Digital Governance & Technology,Smart City Governance & Performance,Cross-department Data Sharing & Dashboards,Smart City Governance & Performance,Public Facing,,,Unconfirmed,No AI signal in published fields,No,,Smart City study,https://www.us-ignite.org/community/greensboro-nc/,us-ignite.org,Public organization or vendor,Not marked verified,
ncs-748c9ca0aa9e,Greensboro,Guilford,308667,,GSO WaterWise (AMI Water Metering),Infrastructure & Utilities,Smart Water Meters & AMI,Smart Water Meters & AMI,Smart Water Meters & AMI,Public Facing,,,Unconfirmed,No AI signal in published fields,No,,Smart City study,https://www.greensboro-nc.gov/departments/water-resources/gso-waterwise,greensboro-nc.gov,Government website,Not marked verified,
ncs-a22951c5dea3,Greensboro,Guilford,308667,,Recycle Smart AI,Infrastructure & Utilities,Solid Waste,Smart Waste & IoT Pest Control,Solid Waste,Internal,Prairie Robotics,Prairie Robotics,Unconfirmed,No AI signal in published fields,No,,Smart City study,https://www.greensboro-nc.gov/departments/solid-waste-and-recycling/recycle/recycle-smart,greensboro-nc.gov,Government website,Not marked verified,
ncs-5bc90dca8002,Greensboro,Guilford,308667,,Downtown Parking - ParkMobile Payment,Mobility & Transport,Transportation & Mobility,Smart Parking & Curb Management,Transportation & Mobility,Public Facing,ParkMobile,Municipalities,Unconfirmed,No AI signal in published fields,No,,Smart City study,https://www.greensboro-nc.gov/departments/transportation/parking,greensboro-nc.gov,Government website,Not marked verified,
ncs-4b04dfd30302,Greensboro,Guilford,308667,,NC A&T Autonomous Shuttle Pilot,Mobility & Transport,Transportation & Mobility,Microtransit & Autonomous Transit,Transportation & Mobility,Public Facing,Downtown Greensboro,,Pilot,No AI signal in published fields,No,,Smart City study,https://www.us-ignite.org/community/greensboro-nc/,us-ignite.org,Public organization or vendor,Not marked verified,
ncs-6ccd979b36a1,Greensboro,Guilford,308667,,NC A&T Autonomous Shuttle Pilot,Mobility & Transport,Transportation & Mobility,Microtransit & Autonomous Transit,Transportation & Mobility,Public Facing,NC A&T TECHLAV Center,,Pilot,No AI signal in published fields,No,,Smart City study,https://www.us-ignite.org/community/greensboro-nc/,us-ignite.org,Public organization or vendor,Not marked verified,
ncs-de357da62fff,Greensboro,Guilford,308667,,AI-Enhanced 911 Dispatch & Collaboration,Safety & Resilience,Emergency Communications & 911,AI-Enhanced 911 Dispatch & Call Handling,Emergency Communications & 911,Internal,Hexagon,Octave OnCall Connect,Unconfirmed,AI-primary or AI-dependent,No,,Smart City study,https://hexagon.com/company/newsroom/press-releases/2024/greensboro-nc-to-improve-emergency-response-with-advanced-dispatch-ai-enhanced-collaboration-tech-from-hexagon,hexagon.com,Public organization or vendor,Not marked verified,
ncs-581594279227,Greensboro,Guilford,308667,,AI-Enhanced 911 Dispatch & Collaboration,Safety & Resilience,Emergency Communications & 911,AI-Enhanced 911 Dispatch & Call Handling,Emergency Communications & 911,Internal,Hexagon,Octave OnCall Dispatch,Unconfirmed,AI-primary or AI-dependent,No,,Smart City study,https://hexagon.com/company/newsroom/press-releases/2024/greensboro-nc-to-improve-emergency-response-with-advanced-dispatch-ai-enhanced-collaboration-tech-from-hexagon,hexagon.com,Public organization or vendor,Not marked verified,
ncs-1270fb3efe8a,Greensboro,Guilford,308667,2024,License Plate Reader,Safety & Resilience,Police,License Plate Reader,Police,Internal,Flock Safety,License Plate Reader,Unconfirmed,AI relevance needs review,No,,Municipal AI study,https://www.wfmynews2.com/article/news/crime/greensboro-license-plate-cameras-helping-solve-crimes-and-cut-down-on-traffic-stops/83-2ca4ac3f-eff0-496b-9bd5-fee3770dbb7f,wfmynews2.com,Public organization or vendor,Source present; status not audited,
ncs-e86241b9d707,Greensboro,Guilford,308667,2024,Octave OnCall Connect (Formerly HxGN Connect),Safety & Resilience,911,Octave OnCall Connect (Formerly HxGN Connect),911,Internal,Hexagon,Octave OnCall Connect (Formerly HxGN Connect),Unconfirmed,AI relevance needs review,No,,Municipal AI study,https://hexagon.com/company/newsroom/press-releases/2024/greensboro-nc-to-improve-emergency-response-with-advanced-dispatch-ai-enhanced-collaboration-tech-from-hexagon,hexagon.com,Public organization or vendor,Source present; status not audited,
ncs-c6e90cd1a8d3,Greensboro,Guilford,308667,2024,Octave OnCall Dispatch (Formerly HxGN OnCall Dispatch),Safety & Resilience,911,Octave OnCall Dispatch (Formerly HxGN OnCall Dispatch),911,Internal,Hexagon,Octave OnCall Dispatch (Formerly HxGN OnCall Dispatch),Unconfirmed,AI relevance needs review,No,,Municipal AI study,https://hexagon.com/company/newsroom/press-releases/2024/greensboro-nc-to-improve-emergency-response-with-advanced-dispatch-ai-enhanced-collaboration-tech-from-hexagon,hexagon.com,Public organization or vendor,Source present; status not audited,
ncs-439df58d45a2,Greenville,Pitt,96443,,Advanced AI Search,Civic & Community,Citizen Services,AI-Powered Website Search & Knowledge Navigation,Citizen Services,Public Facing,Polimorphic,AI Search,Unconfirmed,AI-primary or AI-dependent,No,,Smart City study,https://www.greenvillenc.gov/230/Advanced-AI-Search,greenvillenc.gov,Government website,Not marked verified,
ncs-4980bb047c25,Greenville,Pitt,96443,,Citizen Self Service Building Permits Portal,Civic & Community,Citizen Services,Digital Permitting & E-Government,Citizen Services,Public Facing,,,Unconfirmed,No AI signal in published fields,No,,Smart City study,https://www.greenvillenc.gov/525/Inspections-and-Permits,greenvillenc.gov,Government website,Not marked verified,
ncs-29f6c7a2b314,Greenville,Pitt,96443,2024,Advanced AI Search,Digital Governance & Technology,AI & Automation,AI Chatbot & Search,Not recorded,Public Facing,Polimorphic,AI Chatbot & Search,Unconfirmed,AI-primary or AI-dependent,No,,Municipal AI study,https://www.greenvillenc.gov/230/Advanced-AI-Search,greenvillenc.gov,Government website,Source present; status not audited,
ncs-b757cd6864fd,Greenville,Pitt,96443,,GIS Maps & Apps,Digital Governance & Technology,GIS & Planning,Enterprise GIS,GIS & Planning,Public Facing,Esri,,Unconfirmed,No AI signal in published fields,No,,Smart City study,https://www.greenvillenc.gov/1019/GIS-Maps-Apps,greenvillenc.gov,Government website,Not marked verified,
ncs-2d5135fe8f2e,Greenville,Pitt,96443,,Public WiFi,Digital Governance & Technology,Broadband & Connectivity,Public WiFi & Broadband Expansion,Broadband & Connectivity,Public Facing,,,Unconfirmed,No AI signal in published fields,No,,Smart City study,https://www.greenvillenc.gov/1266/Public-WiFi,greenvillenc.gov,Government website,Not marked verified,
ncs-157974d491ac,Greenville,Pitt,96443,,GUC Electric Charging Stations,Mobility & Transport,Transportation & Mobility,Public EV Charging Infrastructure,Transportation & Mobility,Public Facing,,,Unconfirmed,No AI signal in published fields,No,,Smart City study,https://www.guc.com/electric/electric-charging-stations,guc.com,Public organization or vendor,Not marked verified,
ncs-4fc970c5e475,Greenville,Pitt,96443,2024,Greenville Police Department,Safety & Resilience,Police,PowerDMS,Police,Public Facing,PowerDMS by NEOGOV,PowerDMS,Unconfirmed,AI relevance needs review,No,,Municipal AI study,https://public.powerdms.com/GPD19/tree/,public.powerdms.com,Public organization or vendor,Source present; status not audited,
ncs-b06b491ca3c7,Greenville,Pitt,96443,2024,PowerLine,Safety & Resilience,Police,PowerLine,Police,Internal,PowerDMS by NEOGOV,PowerLine,Unconfirmed,AI relevance needs review,No,,Municipal AI study,https://www.powerdms.com/,powerdms.com,Public organization or vendor,Source present; status not audited,
ncs-05906568c695,Greenville,Pitt,96443,,ShotSpotter Gunshot Detection,Safety & Resilience,Public Safety,Gunshot Detection,Public Safety,Internal,SoundThinking,ShotSpotter,Unconfirmed,AI relevance needs review,No,,Smart City study + Municipal AI study,https://carolinapublicpress.org/56176/fayetteville-approves-gunshot-detection-system-despite-concerns-of-effectiveness/,carolinapublicpress.org,Public organization or vendor,Not marked verified,
ncs-b7d0beb2ceab,Hickory,Catawba,45975,,Citibot Multilingual Resident Assistant,Civic & Community,Multilingual Digital Assistants & Voice UI,Multilingual Digital Assistants & Voice UI,Multilingual Digital Assistants & Voice UI,Public Facing,CitiBot,,Unconfirmed,No AI signal in published fields,No,,Smart City study,https://www.hickorync.gov/sites/default/files/hickoryncgov/Council/Minutes/20260416,hickorync.gov,Government website,Not marked verified,
ncs-b7b85b38d7d8,Hickory,Catawba,45975,,Brightspeed Fiber Expansion (Hickory),Digital Governance & Technology,Broadband & Connectivity,Public WiFi & Broadband Expansion,Broadband & Connectivity,Public Facing,Brightspeed,Fiber Internet,Unconfirmed,No AI signal in published fields,No,,Smart City study,https://www.brightspeed.com/brightspeed-news/Brightspeed_Brings_Ultra-Fast_Fiber_Connectivity_to_Hickory/,brightspeed.com,Public organization or vendor,Not marked verified,
ncs-29c4efc4c388,Hickory,Catawba,45975,,Placer.ai Economic Development Analytics,Economy & Administration,Economic Development,Commercial Vacancy Analytics,Economic Development,Internal,Placer.ai,Placer.ai,Unconfirmed,No AI signal in published fields,No,,Smart City study,https://www.hickorync.gov/sites/default/files/hickoryncgov/Council/Minutes/20260416,hickorync.gov,Government website,Not marked verified,
ncs-581ead303be9,Hickory,Catawba,45975,,AMI Water Meter System,Infrastructure & Utilities,Water Utilities & Wastewater,Predictive Water Maintenance,Water Utilities & Wastewater,Public Facing,Core & Main,,Unconfirmed,No AI signal in published fields,No,,Smart City study,https://citizenportal.ai/articles/7241078/Hickory-City/Catawba-County/North-Carolina/Hickory-Council-approves-106-million-smart-watermeter-system-city-share-about-8-million,citizenportal.ai,Public organization or vendor,Not marked verified,
ncs-9e7bfea5ec20,Hickory,Catawba,45975,,City of Hickory EV Charging,Mobility & Transport,Transportation & Mobility,Public EV Charging Infrastructure,Transportation & Mobility,Public Facing,EVConnect,,Unconfirmed,No AI signal in published fields,No,,Smart City study,https://chargehub.com/en/ev-charging-stations/united-states/north-carolina/hickory/city-of-hickory/electric-car-stations-near-me?locId=167365,chargehub.com,Public organization or vendor,Not marked verified,
ncs-818b7d3baf4c,Hickory,Catawba,45975,2024,License Plate Reader,Safety & Resilience,Police,License Plate Reader,Police,Internal,Flock Safety,License Plate Reader,Unconfirmed,AI relevance needs review,No,,Municipal AI study,https://www.atlasofsurveillance.org/search?location=Hickory%2C+NC,atlasofsurveillance.org,Public organization or vendor,Source present; status not audited,
ncs-f430131a75bd,High Point,Guilford,120571,,Kinetic (Windstream) Fiber Internet,Digital Governance & Technology,Broadband & Connectivity,Public WiFi & Broadband Expansion,Broadband & Connectivity,Public Facing,Kinetic (Windstream/Uniti),Fiber Internet,Unconfirmed,No AI signal in published fields,No,,Smart City study,https://www.gokinetic.com/locations/nc/high-point,gokinetic.com,Public organization or vendor,Not marked verified,
ncs-6b0451346447,High Point,Guilford,120571,,Strategic Plan Dashboard,Digital Governance & Technology,Smart City Governance & Performance,Cross-department Data Sharing & Dashboards,Smart City Governance & Performance,Public Facing,Envisio,Envisio,Unconfirmed,No AI signal in published fields,No,,Smart City study,https://www.highpointnc.gov/1603/High-Point-Strategic-Plan,highpointnc.gov,Government website,Not marked verified,
ncs-513f08b0fc90,High Point,Guilford,120571,,Team LaunchPoint Startup Innovation Hub,Economy & Administration,Economic Development,Economic Development / Certified Smart Sites,Economic Development,Public Facing,,,Unconfirmed,No AI signal in published fields,No,,Smart City study,https://www.highpointnc.gov/CivicAlerts.aspx?AID=5361,highpointnc.gov,Government website,Not marked verified,
ncs-333a693916e6,High Point,Guilford,120571,,Advanced Metering Infrastructure (AMI),Infrastructure & Utilities,Electric Utilities,Smart Grids & AMI,Electric Utilities,Public Facing,Allegiant Utility Services,,Unconfirmed,No AI signal in published fields,No,,Smart City study,https://www.highpointnc.gov/3156/Advanced-Metering-Infrastructure-AMI,highpointnc.gov,Government website,Not marked verified,
ncs-3e172e34e9dc,High Point,Guilford,120571,,HPTSGo On-Demand Microtransit,Mobility & Transport,Transportation & Mobility,Microtransit & Autonomous Transit,Transportation & Mobility,Public Facing,,,Unconfirmed,No AI signal in published fields,No,,Smart City study,https://www.highpointnc.gov/3155/HPTSGo-Microtransit-Service,highpointnc.gov,Government website,Not marked verified,
ncs-66ac08137a11,High Point,Guilford,120571,,Utility-Owned EV Charging Stations,Mobility & Transport,Transportation & Mobility,Public EV Charging Infrastructure,Transportation & Mobility,Public Facing,,,Unconfirmed,No AI signal in published fields,No,,Smart City study,https://www.highpointnc.gov/DocumentCenter/View/26966/Electric-Rate-Riders-2025,highpointnc.gov,Government website,Not marked verified,
ncs-8b08d3387351,High Point,Guilford,120571,2024,Body,Safety & Resilience,Police,Body,Police,Internal,Axon,Body,Unconfirmed,AI relevance needs review,No,,Municipal AI study,https://citizenportal.ai/articles/6587517/north-carolina/guilford-county/high-point/High-Point/Guilford-County/North-Carolina/High-Point-approves-698798-change-order-to-expand-Axon-body-worn-and-fleet-camera-systems,citizenportal.ai,Public organization or vendor,Source present; status not audited,
ncs-3209c4609fc7,High Point,Guilford,120571,2024,Fleet,Safety & Resilience,Police,Fleet,Police,Internal,Axon,Fleet,Unconfirmed,AI relevance needs review,No,,Municipal AI study,https://citizenportal.ai/articles/6587517/north-carolina/guilford-county/high-point/High-Point/Guilford-County/North-Carolina/High-Point-approves-698798-change-order-to-expand-Axon-body-worn-and-fleet-camera-systems,citizenportal.ai,Public organization or vendor,Source present; status not audited,
ncs-f502e1ff9697,High Point,Guilford,120571,2024,Fusus,Safety & Resilience,Police,Fusus,Police,Internal,Axon,Fusus,Unconfirmed,AI relevance needs review,No,,Municipal AI study,https://connecthighpoint.org/,connecthighpoint.org,Public organization or vendor,Source present; status not audited,
ncs-e2475f6b0944,High Point,Guilford,120571,2024,Interview,Safety & Resilience,Police,Interview,Police,Internal,Axon,Interview,Unconfirmed,AI relevance needs review,No,,Municipal AI study,https://citizenportal.ai/articles/6587517/north-carolina/guilford-county/high-point/High-Point/Guilford-County/North-Carolina/High-Point-approves-698798-change-order-to-expand-Axon-body-worn-and-fleet-camera-systems,citizenportal.ai,Public organization or vendor,Source present; status not audited,
ncs-ce0d72f5534c,Holly Springs,Wake,50288,,Connect AI Virtual Assistant,Civic & Community,Citizen Services,AI Chatbots & Voice UI,Citizen Services,Public Facing,CitiBot,Web Chat,Unconfirmed,AI-primary or AI-dependent,No,,Smart City study,https://www.hollyspringsnc.gov/CivicAlerts.asp?AID=1638,hollyspringsnc.gov,Government website,Not marked verified,
ncs-35b185f496c6,Holly Springs,Wake,50288,,Fiber Network for Traffic Signal Sync,Digital Governance & Technology,Broadband & Connectivity,Public WiFi & Broadband Expansion,Broadband & Connectivity,Internal,,,Unconfirmed,No AI signal in published fields,No,,Smart City study,https://www.hollyspringsnc.gov/2195/Smart-Technology-Initiatives,hollyspringsnc.gov,Government website,Not marked verified,
ncs-f2a8d79e396e,Holly Springs,Wake,50288,2024,Holly Springs Connect,Digital Governance & Technology,AI & Automation,Web Chat,Not recorded,Public Facing,Citibot,Web Chat,Unconfirmed,AI relevance needs review,Yes,,Municipal AI study,https://hollyspringsnc.gov/,hollyspringsnc.gov,Government website,Source present; status not audited,
ncs-443183c75876,Holly Springs,Wake,50288,,Flood Sensor Network (Green Stream Technologies),Infrastructure & Utilities,Environmental Monitoring,Flood Prediction & Water Level Sensors,Environmental Monitoring,Public Facing,Green Stream,,Unconfirmed,No AI signal in published fields,No,,Smart City study,https://www.hollyspringsnc.gov/2195/Smart-Technology-Initiatives,hollyspringsnc.gov,Government website,Not marked verified,
ncs-83df0665197e,Holly Springs,Wake,50288,,EV Charging Stations,Mobility & Transport,Transportation & Mobility,Public EV Charging Infrastructure,Transportation & Mobility,Public Facing,,,Unconfirmed,No AI signal in published fields,No,,Smart City study,https://www.hollyspringsnc.gov/2259/Electric-Vehicle-Charging-Stations,hollyspringsnc.gov,Government website,Not marked verified,
ncs-28c444e0757d,Holly Springs,Wake,50288,,Intelligent Traffic Signal Synchronization,Mobility & Transport,Transportation & Mobility,Adaptive Traffic Signal Control & Transit Preemption,Transportation & Mobility,Internal,NCDOT,,Unconfirmed,No AI signal in published fields,No,,Smart City study,https://hollysprings.suburbanlivingmag.com/smart-technology-the-wave-of-the-future-for-holly-springs/,hollysprings.suburbanlivingmag.com,Public organization or vendor,Not marked verified,
ncs-e79bc5a91357,Holly Springs,Wake,50288,,Intelligent Transportation System,Mobility & Transport,Transportation & Mobility,Intelligent Transportation Systems (ITS),Transportation & Mobility,Public Facing,NCDOT,,Unconfirmed,No AI signal in published fields,No,,Smart City study,https://www.hollyspringsnc.gov/2895/Intelligent-Transportation-System,hollyspringsnc.gov,Government website,Not marked verified,
ncs-84518bbb695c,Holly Springs,Wake,50288,2024,Flock Safety,Safety & Resilience,Police,Flock Safety,Police,Internal,Flock Safety,,Unconfirmed,AI relevance needs review,Yes,,Municipal AI study,https://indyweek.com/news/what-the-flock-an-explainer-on-the-controversial-license-plate-reading-cameras-deployed-across-the-triangle/,indyweek.com,Public organization or vendor,Source present; status not audited,
ncs-d56ba6d62c30,Huntersville,Mecklenburg,68535,,Electronic Erosion-Control Plan Review,Civic & Community,Citizen Services,Digital Permitting & E-Government,Citizen Services,Internal,,,Unconfirmed,No AI signal in published fields,No,,Smart City study,https://www.deq.nc.gov/energy-mineral-and-land-resources/land-resources/sedimentation-control-commission/lp-report-scc-huntersville-22123/open,deq.nc.gov,Government website,Not marked verified,
ncs-fb2c969c770b,Huntersville,Mecklenburg,68535,,Interactive Zoning Map,Digital Governance & Technology,GIS & Planning,Enterprise GIS,GIS & Planning,Public Facing,Esri,,Operational,No AI signal in published fields,No,,Smart City study,https://cdn.arcgis.com/home/item.html?id=069eb471b9994e4f84875c7424746579,cdn.arcgis.com,Public organization or vendor,Not marked verified,
ncs-ca32840f4740,Huntersville,Mecklenburg,68535,,CATS Huntersville Gateway Park & Ride EV Charging,Mobility & Transport,Transportation & Mobility,Public EV Charging Infrastructure,Transportation & Mobility,Public Facing,ChargePoint,,Unconfirmed,No AI signal in published fields,No,,Smart City study,https://chargehub.com/en/ev-charging-stations/united-states/north-carolina/huntersville/cats-huntersville-nc-gateway-park-ride/electric-car-stations-near-me?locId=38639,chargehub.com,Public organization or vendor,Not marked verified,
ncs-0af8b1dd7b3e,Huntersville,Mecklenburg,68535,2024,License Plate Reader,Safety & Resilience,Police,License Plate Reader,Police,Internal,Flock Safety,License Plate Reader,Unconfirmed,AI relevance needs review,No,,Municipal AI study,https://huntersville.org/,huntersville.org,Public organization or vendor,Source present; status not audited,
ncs-0abd1cb7b735,Huntersville,Mecklenburg,68535,,Police Flock Safety ALPR,Safety & Resilience,Public Safety,ALPR & Camera Registries,Public Safety,Internal,Flock Safety,License Plate Reader (LPR),Unconfirmed,No AI signal in published fields,No,,Smart City study,https://transparency.flocksafety.com/huntersville-pd-nc,transparency.flocksafety.com,Public organization or vendor,Not marked verified,
ncs-2a80b38e2139,Indian Trail,Union,44303,,AT&T Fiber (Indian Trail),Digital Governance & Technology,Broadband & Connectivity,Public WiFi & Broadband Expansion,Broadband & Connectivity,Public Facing,AT&T,Fiber,Unconfirmed,No AI signal in published fields,No,,Smart City study,https://www.att.com/local/fiber/north-carolina/indian-trail,att.com,Public organization or vendor,Not marked verified,
ncs-3621b570f3d9,Indian Trail,Union,44303,,GIS Data Hub,Digital Governance & Technology,GIS & Planning,Enterprise GIS,GIS & Planning,Public Facing,Esri,GIS Hub,Unconfirmed,No AI signal in published fields,No,,Smart City study,https://data-indiantrail.hub.arcgis.com/,data-indiantrail.hub.arcgis.com,Public organization or vendor,Not marked verified,
ncs-ff543cc9157b,Indian Trail,Union,44303,,Capital Improvement Plan - Traffic Signals & Roundabout,Mobility & Transport,Transportation & Mobility,Adaptive Traffic Signal Control & Transit Preemption,Transportation & Mobility,Public Facing,,,Unconfirmed,No AI signal in published fields,No,,Smart City study,http://indiantrail.org/511/Capital-Improvement-Plan,indiantrail.org,Public organization or vendor,Not marked verified,
ncs-0b4fccbc5ad3,Indian Trail,Union,44303,,Park EV Charging (CRTPO-Funded),Mobility & Transport,Transportation & Mobility,Public EV Charging Infrastructure,Transportation & Mobility,Public Facing,,,Unconfirmed,No AI signal in published fields,No,,Smart City study,https://www.indiantrail.org/CivicAlerts.asp?AID=567&ARC=610,indiantrail.org,Public organization or vendor,Not marked verified,
ncs-0d2cdda7bd25,Indian Trail,Union,44303,,Town Hall EV Charging Stations,Mobility & Transport,Transportation & Mobility,Public EV Charging Infrastructure,Transportation & Mobility,Public Facing,Blink,,Unconfirmed,No AI signal in published fields,No,,Smart City study,https://chargehub.com/en/countries/united-states/north-carolina/indian-trail.html,chargehub.com,Public organization or vendor,Not marked verified,
ncs-510a01f22e63,Indian Trail,Union,44303,,Area Traffic Cameras (Trucker Guide directory),Safety & Resilience,Public Safety,ALPR & Camera Registries,Public Safety,Public Facing,NCDOT,,Unconfirmed,No AI signal in published fields,No,,Smart City study,https://truckerguideapp.com/indian-trail.north-carolina/type=traffic-cameras,truckerguideapp.com,Public organization or vendor,Not marked verified,
ncs-c9e1ac811b87,Indian Trail,Union,44303,2024,License Plate Reader,Safety & Resilience,Police,License Plate Reader,Police,Internal,Flock Safety,License Plate Reader,Unconfirmed,AI relevance needs review,No,,Municipal AI study,https://www.flocksafety.com/blog/flock-safety-cameras-north-carolina-neighborhoods,flocksafety.com,Public organization or vendor,Source present; status not audited,
ncs-d4e56b9b3cbc,Jacksonville,Onslow,72732,,Electronic Plan Review,Civic & Community,Citizen Services,Digital Permitting & E-Government,Citizen Services,Public Facing,Avolve Software,ProjectDox ePlan Review,Unconfirmed,No AI signal in published fields,No,,Smart City study,https://www.jacksonvillenc.gov/491/ePlan-Review-Request,jacksonvillenc.gov,Government website,Not marked verified,
ncs-0249cb311fb3,Jacksonville,Onslow,72732,,"Brightspeed Fiber Construction Begins - Jacksonville, NC",Digital Governance & Technology,Broadband & Connectivity,Public WiFi & Broadband Expansion,Broadband & Connectivity,Public Facing,Brightspeed,Fiber Internet,Unconfirmed,No AI signal in published fields,No,,Smart City study,https://www.brightspeed.com/brightspeed-news/Brightspeed_begins_construction_of_highspeed_Internet_of_Jacksonville/,brightspeed.com,Public organization or vendor,Not marked verified,
ncs-79999979917d,Jacksonville,Onslow,72732,,Online Mapping,Digital Governance & Technology,GIS & Planning,Enterprise GIS,GIS & Planning,Public Facing,,,Unconfirmed,No AI signal in published fields,No,,Smart City study,https://jacksonvillenc.gov/159/Online-Mapping,jacksonvillenc.gov,Government website,Not marked verified,
ncs-d3ade4a05176,Jacksonville,Onslow,72732,,Metering Fixed Network,Infrastructure & Utilities,Smart Water Meters & AMI,Smart Water Meters & AMI,Smart Water Meters & AMI,Public Facing,,,Unconfirmed,No AI signal in published fields,No,,Smart City study,https://jacksonvillenc.granicus.com/MetaViewer.php?clip_id=1808&meta_id=66112&view_id=10,jacksonvillenc.granicus.com,Public organization or vendor,Not marked verified,
ncs-f2635320c2b2,Jacksonville,Onslow,72732,,City of Jacksonville Transit EV Charging,Mobility & Transport,Transportation & Mobility,Public EV Charging Infrastructure,Transportation & Mobility,Public Facing,Charge OnSite,,Unconfirmed,No AI signal in published fields,No,,Smart City study,https://www.plugshare.com/location/483244,plugshare.com,Public organization or vendor,Not marked verified,
ncs-38b439594cb5,Jacksonville,Onslow,72732,,Intelligent Transportation System (ITS),Mobility & Transport,Transportation & Mobility,Intelligent Transportation Systems (ITS),Transportation & Mobility,Public Facing,NCDOT,,Unconfirmed,No AI signal in published fields,No,,Smart City study,https://jacksonvillenc.gov/656/Traffic-Management,jacksonvillenc.gov,Government website,Not marked verified,
ncs-6781d423e65e,Jacksonville,Onslow,72732,,Real-Time Bus Tracking & Mobile Ticketing,Mobility & Transport,Transportation & Mobility,Real-Time Transit Tracking & Mobile Ticketing,Transportation & Mobility,Public Facing,Passio,Passio GO,Unconfirmed,No AI signal in published fields,No,,Smart City study,https://jacksonvillenc.gov/944/About-Us,jacksonvillenc.gov,Government website,Not marked verified,
ncs-018641b2ccb3,Jacksonville,Onslow,72732,,Real-Time Bus Tracking & Mobile Ticketing,Mobility & Transport,Transportation & Mobility,Real-Time Transit Tracking & Mobile Ticketing,Transportation & Mobility,Public Facing,Token Transit,Token Transit,Unconfirmed,No AI signal in published fields,No,,Smart City study,https://jacksonvillenc.gov/944/About-Us,jacksonvillenc.gov,Government website,Not marked verified,
ncs-04ca1d87250c,Kannapolis,Cabarrus,61708,,Accela Citizen Access Central Permitting,Civic & Community,Citizen Services,Digital Permitting & E-Government,Citizen Services,Public Facing,Accela,Citizen Access,Unconfirmed,No AI signal in published fields,No,,Smart City study,https://citizenaccess.cabarruscounty.us/,citizenaccess.cabarruscounty.us,Municipal or government website,Not marked verified,
ncs-ad7027065d4a,Kannapolis,Cabarrus,61708,,Kinetic Fiber Partnership,Digital Governance & Technology,Broadband & Connectivity,Public WiFi & Broadband Expansion,Broadband & Connectivity,Public Facing,Kinetic (Windstream/Uniti),Fiber Internet,Unconfirmed,No AI signal in published fields,No,,Smart City study,https://www.smartcitiesdive.com/spons/the-fibers-that-bind-kannapolis-nc/823212/,smartcitiesdive.com,Public organization or vendor,Not marked verified,
ncs-172713fd12b3,Kannapolis,Cabarrus,61708,,Mi.Data Customer Portal,Infrastructure & Utilities,Smart Water Meters & AMI,Smart Water Meters & AMI,Smart Water Meters & AMI,Public Facing,Mueller,Mi.Net,Unconfirmed,No AI signal in published fields,No,,Smart City study,https://www.kannapolisnc.gov/Portals/0/Kannapolis/Departments/Water,kannapolisnc.gov,Government website,Not marked verified,
ncs-70c4360c89b2,Kannapolis,Cabarrus,61708,,Smart Water Meters,Infrastructure & Utilities,Smart Water Meters & AMI,Smart Water Meters & AMI,Smart Water Meters & AMI,Public Facing,Mueller,,Unconfirmed,No AI signal in published fields,No,,Smart City study,https://www.kannapolisnc.gov/Portals/0/Kannapolis/Departments/Water,kannapolisnc.gov,Government website,Not marked verified,
ncs-e669a959095b,Kannapolis,Cabarrus,61708,,NCDOT Traffic Cameras,Mobility & Transport,Transportation & Mobility,Intelligent Transportation Systems (ITS),Transportation & Mobility,Public Facing,NCDOT,,Unconfirmed,No AI signal in published fields,No,,Smart City study,https://www.weatherbug.com/traffic-cam/kannapolis-nc-28083,weatherbug.com,Public organization or vendor,Not marked verified,
ncs-15701c890d17,Kernersville,Forsyth,29128,,ViewPoint/OpenGov Permitting & Licensing,Civic & Community,Citizen Services,Digital Permitting & E-Government,Citizen Services,Public Facing,OpenGov,Permitting & Licensing,Unconfirmed,No AI signal in published fields,No,,Smart City study,https://opengov.com/customers/how-kernersville-launched-their-modern-epermitting-solution-in-just-2-months/,opengov.com,Public organization or vendor,Not marked verified,
ncs-a05b85657644,Kernersville,Forsyth,29128,,GIS Maps and Apps Gallery,Digital Governance & Technology,GIS & Planning,Enterprise GIS,GIS & Planning,Public Facing,Esri,ArcGIS Instant Apps,Unconfirmed,No AI signal in published fields,No,,Smart City study,https://toknc.com/gis/,toknc.com,Public organization or vendor,Not marked verified,
ncs-75d97be9cc55,Kernersville,Forsyth,29128,,GIS Maps and Apps Gallery,Digital Governance & Technology,GIS & Planning,Enterprise GIS,GIS & Planning,Public Facing,Esri,ArcGIS Online,Unconfirmed,No AI signal in published fields,No,,Smart City study,https://toknc.com/gis/,toknc.com,Public organization or vendor,Not marked verified,
ncs-68c74ebddabe,Kernersville,Forsyth,29128,,EV Charging,Mobility & Transport,Transportation & Mobility,Public EV Charging Infrastructure,Transportation & Mobility,Public Facing,Tesla,Supercharger,Unconfirmed,No AI signal in published fields,No,,Smart City study,https://chargehub.com/en/countries/united-states/north-carolina/kernersville.html,chargehub.com,Public organization or vendor,Not marked verified,
ncs-c756032defab,Kernersville,Forsyth,29128,,Traffic Cameras (NCDOT feeds via WeatherBug),Mobility & Transport,Transportation & Mobility,Intelligent Transportation Systems (ITS),Transportation & Mobility,Public Facing,NCDOT,,Unconfirmed,No AI signal in published fields,No,,Smart City study,https://www.weatherbug.com/traffic-cam/kernersville-nc-27284,weatherbug.com,Public organization or vendor,Not marked verified,
ncs-1f585e6d2d2c,Kernersville,Forsyth,29128,,Transportation Vision Study (2018),Mobility & Transport,Transportation & Mobility,Intelligent Transportation Systems (ITS),Transportation & Mobility,Public Facing,,,Unconfirmed,No AI signal in published fields,No,,Smart City study,https://toknc.com/app/uploads/2018/11/Transportation-Study-Results.pdf,toknc.com,Public organization or vendor,Not marked verified,
ncs-0b090dcbd359,Kernersville,Forsyth,29128,2024,License Plate Reader,Safety & Resilience,Police,License Plate Reader,Police,Internal,Flock Safety,License Plate Reader,Unconfirmed,AI relevance needs review,No,,Municipal AI study,https://www.atlasofsurveillance.org/search?location=Kernersville%2C+NC,atlasofsurveillance.org,Public organization or vendor,Source present; status not audited,
ncs-6c17dc5ce329,Knightdale,Wake,23144,,Engage Knightdale Digital Engagement Platform,Civic & Community,Community Engagement,Digital Civic Feedback Platforms,Community Engagement,Public Facing,Granicus,EngagementHQ,Unconfirmed,No AI signal in published fields,No,,Smart City study,https://www.knightdalenc.gov/community-relations/community-engagement,knightdalenc.gov,Government website,Not marked verified,
ncs-853dd6a8809c,Knightdale,Wake,23144,,GeoCivix Online Plan Review,Civic & Community,Citizen Services,Digital Permitting & E-Government,Citizen Services,Public Facing,GeoCivix (IDTPlans),Electronic Plan Review Software (idtPlans Review),Unconfirmed,No AI signal in published fields,No,,Smart City study,https://www.knightdalenc.gov/development-services/plan-review-portal,knightdalenc.gov,Government website,Not marked verified,
ncs-ed3627d92c82,Knightdale,Wake,23144,,Online Report a Problem Portal,Civic & Community,Community Engagement,311 & Crowdsourcing Civic Apps,Community Engagement,Public Facing,,,Unconfirmed,No AI signal in published fields,No,,Smart City study,https://www.knightdalenc.gov/report-problem,knightdalenc.gov,Government website,Not marked verified,
ncs-1b50eae8a85f,Knightdale,Wake,50288,,Interactive Development Map,Digital Governance & Technology,GIS & Planning,Enterprise GIS,GIS & Planning,Public Facing,Esri,ArcGIS Online,Operational,No AI signal in published fields,No,,Smart City study,https://www.arcgis.com/apps/mapviewer/index.html?webmap=3d6fa9e0127c44f493f4eb26dbae6091,arcgis.com,Public organization or vendor,Not marked verified,
ncs-216a1b910136,Knightdale,Wake,23144,,Northeast SmartRide Microtransit,Mobility & Transport,Transportation & Mobility,Microtransit & Autonomous Transit,Transportation & Mobility,Public Facing,GoWake,SmartRide NE,Unconfirmed,No AI signal in published fields,No,,Smart City study,https://www.knightdalenc.gov/development-services/transportation-planning,knightdalenc.gov,Government website,Not marked verified,
ncs-7e0dd1e6e3dc,Knightdale,Wake,23144,,Town EV Charging Stations,Mobility & Transport,Transportation & Mobility,Public EV Charging Infrastructure,Transportation & Mobility,Public Facing,,,Unconfirmed,No AI signal in published fields,No,,Smart City study,https://www.knightdalenc.gov/sustainability/ev-charging-stations,knightdalenc.gov,Government website,Not marked verified,
ncs-5c0ec260f518,Knightdale,Wake,23144,2024,Flock Safety,Safety & Resilience,Police,Flock Safety,Police,Internal,Flock Safety,,Unconfirmed,AI relevance needs review,No,,Municipal AI study,https://indyweek.com/news/what-the-flock-an-explainer-on-the-controversial-license-plate-reading-cameras-deployed-across-the-triangle/,indyweek.com,Public organization or vendor,Source present; status not audited,
ncs-425115da0c9e,Knightdale,Wake,23144,,Police Flock Safety ALPR,Safety & Resilience,Public Safety,ALPR & Camera Registries,Public Safety,Internal,Flock Safety,License Plate Reader (LPR),Unconfirmed,No AI signal in published fields,No,,Smart City study,https://indyweek.com/news/what-the-flock-an-explainer-on-the-controversial-license-plate-reading-cameras-deployed-across-the-triangle/,indyweek.com,Public organization or vendor,Not marked verified,
ncs-94374efc5c30,Leland,Brunswick,35731,,311 Service Request Portal,Civic & Community,Community Engagement,311 & Crowdsourcing Civic Apps,Community Engagement,Public Facing,Esri,ArcGIS Survey123,Unconfirmed,No AI signal in published fields,No,,Smart City study,https://www.townofleland.com/report-problem,townofleland.com,Municipal or government website,Not marked verified,
ncs-db8105f8f700,Leland,Brunswick,35731,,Evolve Permitting & Inspections Portal,Civic & Community,Citizen Services,Digital Permitting & E-Government,Citizen Services,Public Facing,InfoVision Software,Evolve Permitting and Inspections,Unconfirmed,No AI signal in published fields,No,,Smart City study,https://evolve-public.infovisionsoftware.com/leland/,evolve-public.infovisionsoftware.com,Public organization or vendor,Not marked verified,
ncs-ba1bdd379a15,Leland,Brunswick,35731,,Interactive Maps,Digital Governance & Technology,GIS & Planning,Enterprise GIS,GIS & Planning,Public Facing,Esri,ArcGIS Online,Operational,No AI signal in published fields,No,,Smart City study,https://www.townofleland.com/planning-inspections/online-maps-and-gis,townofleland.com,Municipal or government website,Not marked verified,
ncs-949cdf30a706,Leland,Brunswick,35731,,Sensus AMR/AMI Water Meters,Infrastructure & Utilities,Water Utilities & Wastewater,Predictive Water Maintenance,Water Utilities & Wastewater,Public Facing,Sensus,,Unconfirmed,No AI signal in published fields,No,,Smart City study,https://www.brunswickcountync.gov/wp-content/uploads/2024/11/BCPUWaterDistributionStandardDetailsMay2024V2.pdf,brunswickcountync.gov,Government website,Not marked verified,
ncs-0a1aa4b333ee,Leland,Brunswick,35731,,Founders Park EV Chargers,Mobility & Transport,Transportation & Mobility,Public EV Charging Infrastructure,Transportation & Mobility,Public Facing,,,Unconfirmed,No AI signal in published fields,No,,Smart City study,https://www.townofleland.com/news/funding-awarded-two-electric-vehicle-chargers-founders-park,townofleland.com,Municipal or government website,Not marked verified,
ncs-a6195189c307,Leland,Brunswick,35731,,Mobile CCTV Traffic Cameras,Mobility & Transport,Transportation & Mobility,Intelligent Transportation Systems (ITS),Transportation & Mobility,Public Facing,NCDOT,,Unconfirmed,No AI signal in published fields,No,,Smart City study,https://www.weatherbug.com/traffic-cam/leland-nc-28451,weatherbug.com,Public organization or vendor,Not marked verified,
ncs-0ed7d25bc6b8,Matthews,Mecklenburg,32769,,Open Data Portal,Digital Governance & Technology,"Data, AI & Innovation",Open Data Portals,"Data, AI & Innovation",Public Facing,Esri,ArcGIS Hub,Unconfirmed,No AI signal in published fields,No,,Smart City study,https://www.matthewsnc.gov/pview.aspx?id=20785&catid=568,matthewsnc.gov,Government website,Not marked verified,
ncs-fc986bcc4be9,Matthews,Mecklenburg,32769,,Spectrum Internet,Digital Governance & Technology,Broadband & Connectivity,Public WiFi & Broadband Expansion,Broadband & Connectivity,Public Facing,Spectrum (Charter),Internet,Unconfirmed,No AI signal in published fields,No,,Smart City study,https://www.spectrum.com/locations/internet-wifi-service/matthews-nc-i3327,spectrum.com,Public organization or vendor,Not marked verified,
ncs-dc321b745e32,Matthews,Mecklenburg,32769,,Koulomb Fast EV Charging Station,Mobility & Transport,Transportation & Mobility,Public EV Charging Infrastructure,Transportation & Mobility,Public Facing,Koulomb,,Unconfirmed,No AI signal in published fields,No,,Smart City study,https://koulomb.com/koulomb-launches-new-public-fast-ev-charging-station-in-matthews-nc/,koulomb.com,Public organization or vendor,Not marked verified,
ncs-5e56f856a3c2,Matthews,Mecklenburg,32769,,Square Apartments EV Station,Mobility & Transport,Transportation & Mobility,Public EV Charging Infrastructure,Transportation & Mobility,Public Facing,,,Unconfirmed,No AI signal in published fields,No,,Smart City study,https://www.plugshare.com/location/554375,plugshare.com,Public organization or vendor,Not marked verified,
ncs-4aa401ebcf59,Matthews,Mecklenburg,32769,,Downtown AI Camera Expansion Proposal,Safety & Resilience,Public Safety,ALPR & Camera Registries,Public Safety,Public Facing,,,Unconfirmed,No AI signal in published fields,No,,Smart City study,https://hoodline.com/2026/07/matthews-camera-showdown-downtown-split-over-pricey-ai-watchdogs/,hoodline.com,Public organization or vendor,Not marked verified,
ncs-90cfc0ef3ff2,Matthews,Mecklenburg,32769,,Traffic Cameras,Safety & Resilience,Public Safety,ALPR & Camera Registries,Public Safety,Public Facing,NCDOT,,Unconfirmed,No AI signal in published fields,No,,Smart City study,https://www.weatherbug.com/traffic-cam/matthews-nc-28105/472324,weatherbug.com,Public organization or vendor,Not marked verified,
ncs-f2b788669a85,Mint Hill,Mecklenburg,29476,,GIS and Mapping,Digital Governance & Technology,GIS & Planning,Enterprise GIS,GIS & Planning,Public Facing,,,Unconfirmed,No AI signal in published fields,No,,Smart City study,https://www.minthill.com/departments/planning_zoning/gis_and_mapping.php,minthill.com,Public organization or vendor,Not marked verified,
ncs-f265c766cbf9,Mint Hill,Mecklenburg,29476,,Charlotte Water Regional Service,Infrastructure & Utilities,Water Utilities & Wastewater,Predictive Water Maintenance,Water Utilities & Wastewater,Public Facing,Charlotte Water,,Unconfirmed,No AI signal in published fields,No,,Smart City study,https://www.minthill.com/departments/public_works/active_projects/charlotte_water_projects.php,minthill.com,Public organization or vendor,Not marked verified,
ncs-8da0f5b42537,Mint Hill,Mecklenburg,29476,,Public EV Charging,Mobility & Transport,Transportation & Mobility,Public EV Charging Infrastructure,Transportation & Mobility,Public Facing,EVConnect,,Unconfirmed,No AI signal in published fields,No,,Smart City study,https://chargehub.com/en/countries/united-states/north-carolina/mint-hill.html,chargehub.com,Public organization or vendor,Not marked verified,
ncs-96a5ecacd42c,Mint Hill,Mecklenburg,29476,,Town Improvements / Meck Connect Microtransit,Mobility & Transport,Transportation & Mobility,Microtransit & Autonomous Transit,Transportation & Mobility,Public Facing,,,Unconfirmed,No AI signal in published fields,No,,Smart City study,https://www.meckconnect.com/town-improvements/mint-hill/,meckconnect.com,Public organization or vendor,Not marked verified,
ncs-3c275eeca2dd,Mint Hill,Mecklenburg,29476,2024,License Plate Reader,Safety & Resilience,Police,License Plate Reader,Police,Internal,Flock Safety,License Plate Reader,Unconfirmed,AI relevance needs review,No,,Municipal AI study,https://transparency.flocksafety.com/mint-hill-nc-pd,transparency.flocksafety.com,Public organization or vendor,Source present; status not audited,
ncs-2b6d4ae089c1,Mint Hill,Mecklenburg,29476,,Police Flock Safety ALPR,Safety & Resilience,Public Safety,ALPR & Camera Registries,Public Safety,Internal,Flock Safety,License Plate Reader (LPR),Unconfirmed,No AI signal in published fields,No,,Smart City study,https://transparency.flocksafety.com/mint-hill-nc-pd,transparency.flocksafety.com,Public organization or vendor,Not marked verified,
ncs-e6b82c9f2761,Mint Hill,Mecklenburg,29476,,Traffic Cameras,Safety & Resilience,Public Safety,ALPR & Camera Registries,Public Safety,Public Facing,NCDOT,,Unconfirmed,No AI signal in published fields,No,,Smart City study,https://truckerguideapp.com/mint-hill.north-carolina/type=traffic-cameras,truckerguideapp.com,Public organization or vendor,Not marked verified,
ncs-e6f735dcd334,Monroe,Union,42644,,TDS Fiber (Monroe),Digital Governance & Technology,Broadband & Connectivity,Public WiFi & Broadband Expansion,Broadband & Connectivity,Public Facing,TDS,Fiber,Unconfirmed,No AI signal in published fields,No,,Smart City study,https://tdsfiber.com/build/monroe-nc/,tdsfiber.com,Public organization or vendor,Not marked verified,
ncs-7373a29ec5f1,Monroe,Union,42644,,Certified Smart Site (ElectriCities),Economy & Administration,Economic Development,Economic Development / Certified Smart Sites,Economic Development,Public Facing,ElectriCities of NC,Certified Smart Site Designation,Unconfirmed,No AI signal in published fields,No,,Smart City study,https://www.monroenc.org/m/newsflash/home/detail/667,monroenc.org,Public organization or vendor,Not marked verified,
ncs-37c17a2e5418,Monroe,Union,42644,,EV Charging Station (ChargeFinder listing),Mobility & Transport,Transportation & Mobility,Public EV Charging Infrastructure,Transportation & Mobility,Public Facing,,,Unconfirmed,No AI signal in published fields,No,,Smart City study,https://chargefinder.com/us/monroe/charging-station/6xnm77,chargefinder.com,Public organization or vendor,Not marked verified,
ncs-011c93348862,Monroe,Union,42644,,Shute Parking EV Charging,Mobility & Transport,Transportation & Mobility,Public EV Charging Infrastructure,Transportation & Mobility,Public Facing,ChargePoint,,Unconfirmed,No AI signal in published fields,No,,Smart City study,https://chargehub.com/en/ev-charging-stations/united-states/north-carolina/monroe/shute-parking/electric-car-stations-near-me?locId=62134,chargehub.com,Public organization or vendor,Not marked verified,
ncs-38a4e9fba026,Monroe,Union,42644,2024,License Plate Reader,Safety & Resilience,Police,License Plate Reader,Police,Internal,Flock Safety,License Plate Reader,Unconfirmed,AI relevance needs review,No,,Municipal AI study,https://www.qcnews.com/news/u-s/north-carolina/union-county/monroe-pd-latest-nc-law-enforcement-agency-to-use-new-age-surveillance-privacy-concerns-addressed/,qcnews.com,Public organization or vendor,Source present; status not audited,
ncs-e739ea651d69,Monroe,Union,42644,,PD Drone + K9 Suspect Tracking,Safety & Resilience,Public Safety,Drone as First Responder,Public Safety,Internal,,,Unconfirmed,No AI signal in published fields,No,,Smart City study,https://www.qcnews.com/news/u-s/north-carolina/union-county/monroe-police-use-k9-and-drone-to-catch-armed-teen-suspect/,qcnews.com,Public organization or vendor,Not marked verified,
ncs-9ee15ee8f377,Monroe,Union,42644,,PD Flock Safety ALPR,Safety & Resilience,Public Safety,ALPR & Camera Registries,Public Safety,Internal,Flock Safety,License Plate Reader (LPR),Unconfirmed,No AI signal in published fields,No,,Smart City study,https://www.wsoctv.com/news/local/monroe-police-officers-honored-dismantling-multi-state-vehicle-theft-ring/UYTSNWSLE5ERRDSYIDA2DC5OTY/,wsoctv.com,Public organization or vendor,Not marked verified,
ncs-a4673bffc2ff,Mooresville,Iredell,55842,,Online Permitting & Plan Review Portal,Civic & Community,Citizen Services,Digital Permitting & E-Government,Citizen Services,Public Facing,GeoCivix (IDTPlans),,Unconfirmed,No AI signal in published fields,No,,Smart City study,https://mooresvillenc.gov/government/departments/building_permitting___inspections/permitting_plan_review.php,mooresvillenc.gov,Government website,Not marked verified,
ncs-aa8e4002dcb7,Mooresville,Iredell,55842,,Town of Mooresville Park Cameras,Civic & Community,Parks & Recreation,Smart Parks & Trail Counters,Parks & Recreation,Public Facing,,,Unconfirmed,No AI signal in published fields,No,,Smart City study,https://www.mooresvillenc.gov/government/departments/parks___recreation/park_cameras.php,mooresvillenc.gov,Government website,Not marked verified,
ncs-297ed8cc4a21,Mooresville,Iredell,55842,,TDS Fiber Network Build in Mooresville,Digital Governance & Technology,Broadband & Connectivity,Public WiFi & Broadband Expansion,Broadband & Connectivity,Public Facing,TDS,Fiber,Unconfirmed,No AI signal in published fields,No,,Smart City study,https://tdsfiber.com/build/mooresville-nc/,tdsfiber.com,Public organization or vendor,Not marked verified,
ncs-3083ef733a19,Mooresville,Iredell,55842,,EV Charging Network,Mobility & Transport,Transportation & Mobility,Public EV Charging Infrastructure,Transportation & Mobility,Public Facing,Blink,,Unconfirmed,No AI signal in published fields,No,,Smart City study,https://chargehub.com/en/countries/united-states/north-carolina/mooresville.html,chargehub.com,Public organization or vendor,Not marked verified,
ncs-f78f3b2522b3,Mooresville,Iredell,55842,,EV Charging Network,Mobility & Transport,Transportation & Mobility,Public EV Charging Infrastructure,Transportation & Mobility,Public Facing,ChargePoint,,Unconfirmed,No AI signal in published fields,No,,Smart City study,https://chargehub.com/en/countries/united-states/north-carolina/mooresville.html,chargehub.com,Public organization or vendor,Not marked verified,
ncs-0be2b3fb7628,Mooresville,Iredell,55842,,EV Charging Network,Mobility & Transport,Transportation & Mobility,Public EV Charging Infrastructure,Transportation & Mobility,Public Facing,Tesla,Supercharger,Unconfirmed,No AI signal in published fields,No,,Smart City study,https://chargehub.com/en/countries/united-states/north-carolina/mooresville.html,chargehub.com,Public organization or vendor,Not marked verified,
ncs-2d94af4d2dd1,Mooresville,Iredell,55842,,Connect Mooresville Community Camera Registry,Safety & Resilience,Public Safety,ALPR & Camera Registries,Public Safety,Public Facing,,,Unconfirmed,No AI signal in published fields,No,,Smart City study,https://connectmooresville.org/,connectmooresville.org,Public organization or vendor,Not marked verified,
ncs-a17b3f59c55a,Mooresville,Iredell,55842,2024,Drone as First Responder (DFR),Safety & Resilience,Police,Drone as First Responder (DFR),Police,Internal,Flock Safety,Drone as First Responder (DFR),Unconfirmed,AI relevance needs review,No,,Municipal AI study,https://www.govtech.com/public-safety/north-carolina-town-spent-300k-on-police-drones,govtech.com,News or trade publication,Source present; status not audited,
ncs-79240403cf7c,Mooresville,Iredell,55842,,Flock Safety Cameras Around Mooresville,Safety & Resilience,Public Safety,ALPR & Camera Registries,Public Safety,Public Facing,Flock Safety,License Plate Reader (LPR),Unconfirmed,No AI signal in published fields,No,,Smart City study,https://markgibsonrealtor.com/flock-traffic-cameras-in-mooresville/,markgibsonrealtor.com,Public organization or vendor,Not marked verified,
ncs-63e84d5232db,Mooresville,Iredell,55842,2024,License Plate Reader,Safety & Resilience,Police,License Plate Reader,Police,Internal,Flock Safety,License Plate Reader,Unconfirmed,AI relevance needs review,No,,Municipal AI study,https://www.lakenormanpublications.com/articles/how-mooresville-police-uses-technology-to-promote-safety/,lakenormanpublications.com,Public organization or vendor,Source present; status not audited,
ncs-c6b3143efc68,Mooresville,Iredell,55842,2024,LINK High Point,Safety & Resilience,Police,Body,Police,Internal,Axon,Body,Unconfirmed,AI relevance needs review,No,,Municipal AI study,https://www.lakenormanpublications.com/articles/how-mooresville-police-uses-technology-to-promote-safety/,lakenormanpublications.com,Public organization or vendor,Source present; status not audited,
ncs-fa4f42b8df8e,Mooresville,Iredell,55842,,Police Department Drone Program,Safety & Resilience,Public Safety,Drone as First Responder,Public Safety,Internal,,,Unconfirmed,No AI signal in published fields,No,,Smart City study,https://www.wfae.org/show/charlotte-talks-with-mike-collins/2025-11-12/eyes-in-the-sky-police-drones-and-public-safety,wfae.org,Public organization or vendor,Not marked verified,
ncs-d67cb266fb26,Mooresville,Iredell,55842,,Police Drone First Responder (DFR) Program,Safety & Resilience,Public Safety,Drone as First Responder,Public Safety,Public Facing,Aerodome,,Unconfirmed,No AI signal in published fields,No,,Smart City study,https://www.mooresvillenc.gov/news_detail_T4_R360.php,mooresvillenc.gov,Government website,Not marked verified,
ncs-706bc1460322,Morrisville,Wake,32466,,2024 HBCU Smart Cities Challenge,Civic & Community,Housing & Neighborhood Services,Digital Equity & Technology Education,Housing & Neighborhood Services,Public Facing,,,Unconfirmed,No AI signal in published fields,No,,Smart City study,https://www.pathwayoz.com/press/morrisville-showcases-smart-city-expertise-in-2024-hbcu-smart-cities-challenge,pathwayoz.com,Public organization or vendor,Not marked verified,
ncs-c552fdb70f52,Morrisville,Wake,32466,,Central App with CitiBot AI Assistant,Civic & Community,Citizen Services,AI Chatbots & Voice UI,Citizen Services,Public Facing,CitiBot,CitiBot GenAI Chatbot,Unconfirmed,AI-primary or AI-dependent,No,,Smart City study,https://www.lithiosapps.com/blog/smart-city-success-how-morrisville-central-transformed-community-engagement,lithiosapps.com,Public organization or vendor,Not marked verified,
ncs-af34a590383f,Morrisville,Wake,32466,,Central App with CitiBot AI Assistant,Civic & Community,Citizen Services,AI Chatbots & Voice UI,Citizen Services,Public Facing,Lithios,Morrisville Central,Unconfirmed,AI-primary or AI-dependent,No,,Smart City study,https://www.lithiosapps.com/blog/smart-city-success-how-morrisville-central-transformed-community-engagement,lithiosapps.com,Public organization or vendor,Not marked verified,
ncs-0fc5ae20aaef,Morrisville,Wake,32466,,Church Street Park Vehicle Count Analytics,Civic & Community,Parks & Recreation,Smart Parks & Trail Counters,Parks & Recreation,Public Facing,Verkada,,Unconfirmed,No AI signal in published fields,No,,Smart City study,https://opendata.townofmorrisville.org/explore/dataset/church-street-park-vehicle-counts/,opendata.townofmorrisville.org,Municipal or government website,Not marked verified,
ncs-72d4b90cd07e,Morrisville,Wake,32466,,Connected Park Initiative,Civic & Community,Parks & Recreation,Smart Parks & Trail Counters,Parks & Recreation,Public Facing,Green Stream,,Unconfirmed,No AI signal in published fields,No,,Smart City study,https://wraltechwire.com/2022/02/04/making-nc-a-smart-state-lessons-learned-from-the-morrisville-smart-city-playbook/,wraltechwire.com,News or trade publication,Not marked verified,
ncs-2988f0988a88,Morrisville,Wake,32466,,Connected Park Initiative,Civic & Community,Parks & Recreation,Smart Parks & Trail Counters,Parks & Recreation,Public Facing,SAM IT,,Unconfirmed,No AI signal in published fields,No,,Smart City study,https://wraltechwire.com/2022/02/04/making-nc-a-smart-state-lessons-learned-from-the-morrisville-smart-city-playbook/,wraltechwire.com,News or trade publication,Not marked verified,
ncs-f902c96b6494,Morrisville,Wake,32466,,"Smart Morrisville Court, Field & Park Gate Status Sensors",Civic & Community,Parks & Recreation,Smart Parks & Trail Counters,Parks & Recreation,Public Facing,Varidx,Smart City Platform,Unconfirmed,No AI signal in published fields,No,,Smart City study,https://www.morrisvillenc.gov/Government/Departments-Services/Information-Technology/Sensor-Information,morrisvillenc.gov,Government website,Not marked verified,
ncs-9101815e6c5e,Morrisville,Wake,32466,,Smart Morrisville Greenway Counters,Civic & Community,Parks & Recreation,Smart Parks & Trail Counters,Parks & Recreation,Public Facing,,,Unconfirmed,No AI signal in published fields,No,,Smart City study,https://www.morrisvillenc.gov/Government/Departments-Services/Information-Technology/Sensor-Information,morrisvillenc.gov,Government website,Not marked verified,
ncs-24eb544d0e92,Morrisville,Wake,32466,2024,Morris,Digital Governance & Technology,AI & Automation,Rep'd,Not recorded,Public Facing,Rep'd,Rep'd,Unconfirmed,AI relevance needs review,Yes,,Municipal AI study,https://morrisvillenc.gov/,morrisvillenc.gov,Government website,Source present; status not audited,
ncs-adae7b58f5b9,Morrisville,Wake,32466,,Open Data Portal,Digital Governance & Technology,"Data, AI & Innovation",Open Data Portals,"Data, AI & Innovation",Public Facing,Opendatasoft,Data Portal,Unconfirmed,No AI signal in published fields,No,,Smart City study,https://opendata.morrisvillenc.gov/,opendata.morrisvillenc.gov,Government website,Not marked verified,
ncs-38a68d592174,Morrisville,Wake,32466,,Public Wi-Fi Network,Digital Governance & Technology,Broadband & Connectivity,Public WiFi & Broadband Expansion,Broadband & Connectivity,Public Facing,,,Unconfirmed,No AI signal in published fields,No,,Smart City study,https://www.morrisvillenc.gov/Government/Departments-Services/Information-Technology/Public-Wi-Fi,morrisvillenc.gov,Government website,Not marked verified,
ncs-3ff6ba3ff9b0,Morrisville,Wake,32466,,Smart Morrisville,Digital Governance & Technology,Smart City Governance & Performance,Cross-department Data Sharing & Dashboards,Smart City Governance & Performance,Public Facing,,,Unconfirmed,No AI signal in published fields,No,,Smart City study,https://www.morrisvillenc.gov/Government/Departments-Services/Information-Technology/Smart-Morrisville,morrisvillenc.gov,Government website,Not marked verified,
ncs-fbc05b7e9b01,Morrisville,Wake,32466,,Town of Morrisville Smart City Strategy,Digital Governance & Technology,Smart City Governance & Performance,Cross-department Data Sharing & Dashboards,Smart City Governance & Performance,Public Facing,IDC,,Unconfirmed,No AI signal in published fields,No,,Smart City study,https://www.morrisvillenc.gov/files/assets/town/v/1/public-works/documents/the-town-of-morrisvilles-smart-city-strategy-ebook.pdf,morrisvillenc.gov,Government website,Not marked verified,
ncs-36b33af6f938,Morrisville,Wake,32466,,Multi-Site Solar Array Monitoring,Infrastructure & Utilities,Renewable Energy & Microgrids,Clean Energy Microgrid,Renewable Energy & Microgrids,Public Facing,SolarEdge,API,Unconfirmed,No AI signal in published fields,No,,Smart City study,https://opendata.townofmorrisville.org/explore/dataset/solar-site-overview/,opendata.townofmorrisville.org,Municipal or government website,Not marked verified,
ncs-8b562a07214f,Morrisville,Wake,32466,,Multi-Site Solar Array Monitoring,Infrastructure & Utilities,Renewable Energy & Microgrids,Clean Energy Microgrid,Renewable Energy & Microgrids,Public Facing,SolarEdge,Inverters,Unconfirmed,No AI signal in published fields,No,,Smart City study,https://mayorsmonarchportal.nwf.org/ActionItems/DownloadFile?pledgeId=1127&fileId=7459,mayorsmonarchportal.nwf.org,Public organization or vendor,Not marked verified,
ncs-fdf0684e53d6,Morrisville,Wake,32466,,Multi-Site Solar Array Monitoring,Infrastructure & Utilities,Renewable Energy & Microgrids,Clean Energy Microgrid,Renewable Energy & Microgrids,Public Facing,SolarEdge,Monitoring Platform,Unconfirmed,No AI signal in published fields,No,,Smart City study,https://opendata.townofmorrisville.org/explore/dataset/solar-site-overview/,opendata.townofmorrisville.org,Municipal or government website,Not marked verified,
ncs-ab78ddedc121,Morrisville,Wake,32466,,Smart Facility Building Automation,Infrastructure & Utilities,Buildings & Facilities,Smart HVAC & Occupancy Sensors,Buildings & Facilities,Internal,,,Unconfirmed,No AI signal in published fields,No,,Smart City study,https://www.morrisvillenc.gov/Government/Departments-Services/Public-Works/Sustainability/Sustainability-Initiatives,morrisvillenc.gov,Government website,Not marked verified,
ncs-9aee6ec65aa8,Morrisville,Wake,32466,,Smart Morrisville Digital Rain Gauges,Infrastructure & Utilities,Environmental Monitoring,Flood Prediction & Water Level Sensors,Environmental Monitoring,Public Facing,,,Unconfirmed,No AI signal in published fields,No,,Smart City study,https://www.morrisvillenc.gov/Government/Departments-Services/Information-Technology/Sensor-Information,morrisvillenc.gov,Government website,Not marked verified,
ncs-e403b553b31f,Morrisville,Wake,32466,,Smart Morrisville Flood Sensors (FIMAN-linked),Infrastructure & Utilities,Environmental Monitoring,Flood Prediction & Water Level Sensors,Environmental Monitoring,Public Facing,Varidx,Smart City Platform,Unconfirmed,No AI signal in published fields,No,,Smart City study,https://www.morrisvillenc.gov/Government/Departments-Services/Information-Technology/Sensor-Information,morrisvillenc.gov,Government website,Not marked verified,
ncs-5d65e2d0b810,Morrisville,Wake,32466,,AI Traffic Management,Mobility & Transport,AI-Powered Smart Intersections & Traffic Analytics,AI-Powered Smart Intersections & Traffic Analytics,AI-Powered Smart Intersections & Traffic Analytics,Internal,GridMatrix,GridMatrix,Unconfirmed,AI relevance needs review,Yes,,Smart City study + Municipal AI study,https://medium.com/gridmatrix/gridmatrix-to-revolutionize-traffic-management-with-innovative-cloud-based-analytics-platform-for-585cc6175e24,medium.com,Public organization or vendor,Not marked verified,
ncs-facf817ec0ff,Morrisville,Wake,32466,,NCDOT CENTRACS Traffic Signal System (Western Wake),Mobility & Transport,Transportation & Mobility,Adaptive Traffic Signal Control & Transit Preemption,Transportation & Mobility,Public Facing,Econolite,CENTRACS ATMS,Unconfirmed,No AI signal in published fields,No,,Smart City study,https://nmcdn.io/e186d21f8c7946a19faed23c3da2f0da/8bfec28a290449a7b10eb1fee3a0e264/files/programs-studies/its/Western-Wake-Traffic-Signal-System-Integration-Guidebook--2022-06-08--Final-Draft.pdf,nmcdn.io,Public organization or vendor,Not marked verified,
ncs-1239e4e779e3,Morrisville,Wake,32466,,Smart Shuttle,Mobility & Transport,Transportation & Mobility,Microtransit & Autonomous Transit,Transportation & Mobility,Public Facing,,,Unconfirmed,No AI signal in published fields,No,,Smart City study,https://wraltechwire.com/2022/02/04/making-nc-a-smart-state-lessons-learned-from-the-morrisville-smart-city-playbook/,wraltechwire.com,News or trade publication,Not marked verified,
ncs-28f4ad6961d7,Morrisville,Wake,32466,,Town-Owned EV Charging Network,Mobility & Transport,Transportation & Mobility,Public EV Charging Infrastructure,Transportation & Mobility,Public Facing,ChargePoint,,Unconfirmed,No AI signal in published fields,No,,Smart City study,https://www.morrisvillenc.gov/Government/Departments-Services/Public-Works/Sustainability/Sustainability-Initiatives/Electric-Vehicle-Charging-Stations,morrisvillenc.gov,Government website,Not marked verified,
ncs-d547f30a1c4b,Morrisville,Wake,32466,,Town-Owned EV Charging Network,Mobility & Transport,Transportation & Mobility,Public EV Charging Infrastructure,Transportation & Mobility,Public Facing,ClipperCreek,,Unconfirmed,No AI signal in published fields,No,,Smart City study,https://www.morrisvillenc.gov/Government/Departments-Services/Public-Works/Sustainability/Sustainability-Initiatives/Electric-Vehicle-Charging-Stations,morrisvillenc.gov,Government website,Not marked verified,
ncs-877cf2ce1f57,Morrisville,Wake,32466,,Police Department Drone Program,Safety & Resilience,Public Safety,Drone as First Responder,Public Safety,Internal,,,Unconfirmed,No AI signal in published fields,No,,Smart City study,https://www.youtube.com/watch?v=puXxXBRK9ag,youtube.com,Public organization or vendor,Not marked verified,
ncs-3b35b22fddc2,Morrisville,Wake,32466,,Traffic Cameras (NCDOT CCTV via WeatherBug),Safety & Resilience,Public Safety,ALPR & Camera Registries,Public Safety,Public Facing,NCDOT,,Unconfirmed,No AI signal in published fields,No,,Smart City study,https://www.weatherbug.com/traffic-cam/morrisville-nc-27560,weatherbug.com,Public organization or vendor,Not marked verified,
ncs-1dd6c82c0853,New Bern,Craven,34724,,Document Center for Permit Applications,Civic & Community,Citizen Services,Digital Permitting & E-Government,Citizen Services,Public Facing,,,Unconfirmed,No AI signal in published fields,No,,Smart City study,https://www.newbernnc.gov/departments/development_services/document_center.php,newbernnc.gov,Government website,Not marked verified,
ncs-8f82ce8b5c93,New Bern,Craven,34724,,Website AI Chatbot,Civic & Community,Citizen Services,AI Chatbots & Voice UI,Citizen Services,Public Facing,Revize,AI Chatbot,Unconfirmed,AI-primary or AI-dependent,Yes,,Smart City study + Municipal AI study,https://newbernnc.gov/,newbernnc.gov,Government website,Source present; status not audited,https://newbernnow.com/city-of-new-bern-launches-a-i-chatbot/
ncs-52953a96a9d1,New Bern,Craven,34724,,Brightspeed Fiber Expansion - New Bern,Digital Governance & Technology,Broadband & Connectivity,Public WiFi & Broadband Expansion,Broadband & Connectivity,Public Facing,Brightspeed,Fiber Internet,Unconfirmed,No AI signal in published fields,No,,Smart City study,https://www.brightspeed.com/brightspeed-news/Brightspeed_Expands_Fiber_Access_in_New_Bern/,brightspeed.com,Public organization or vendor,Not marked verified,
ncs-f182d59750c4,New Bern,Craven,34724,,Metronet Fiber (now T-Fiber) Construction,Digital Governance & Technology,Broadband & Connectivity,Public WiFi & Broadband Expansion,Broadband & Connectivity,Public Facing,Metronet,Fiber Internet,Unconfirmed,No AI signal in published fields,No,,Smart City study,https://www.newbernnc.gov/news_detail_T16_R160.php,newbernnc.gov,Government website,Not marked verified,
ncs-2a954b1fd483,New Bern,Craven,34724,,Metronet Fiber (now T-Fiber) Construction,Digital Governance & Technology,Broadband & Connectivity,Public WiFi & Broadband Expansion,Broadband & Connectivity,Public Facing,T-Mobile,Fiber,Unconfirmed,No AI signal in published fields,No,,Smart City study,https://www.newbernnc.gov/news_detail_T16_R160.php,newbernnc.gov,Government website,Not marked verified,
ncs-a4c7220e571a,New Bern,Craven,34724,,Electric and Water Advanced Metering Infrastructure,Infrastructure & Utilities,Smart Water Meters & AMI,Smart Water Meters & AMI,Smart Water Meters & AMI,Internal,,,Unconfirmed,No AI signal in published fields,No,,Smart City study,https://it.nc.gov/documents/files/understanding-smart-cities-geospatial-perspective/download,it.nc.gov,Government website,Not marked verified,
ncs-d5df83accd87,New Bern,Craven,34724,,NCDOT Traffic Cameras,Mobility & Transport,Transportation & Mobility,Intelligent Transportation Systems (ITS),Transportation & Mobility,Public Facing,NCDOT,,Unconfirmed,No AI signal in published fields,No,,Smart City study,https://www.weatherbug.com/traffic-cam/new-bern-nc-28562,weatherbug.com,Public organization or vendor,Not marked verified,
ncs-66cd9e576d1d,New Bern,Craven,34724,,ParkMobile,Mobility & Transport,Transportation & Mobility,Smart Parking & Curb Management,Transportation & Mobility,Public Facing,ParkMobile,Municipalities,Unconfirmed,No AI signal in published fields,No,,Smart City study,https://www.newbernnc.gov/parking/,newbernnc.gov,Government website,Not marked verified,
ncs-b08ec9473580,New Bern,Craven,34724,,Public EV Charging,Mobility & Transport,Transportation & Mobility,Public EV Charging Infrastructure,Transportation & Mobility,Public Facing,Blink,,Unconfirmed,No AI signal in published fields,No,,Smart City study,https://www.plugshare.com/directory/us/north-carolina/new-bern,plugshare.com,Public organization or vendor,Not marked verified,
ncs-0aa6be7cae43,New Bern,Craven,34724,,Public EV Charging,Mobility & Transport,Transportation & Mobility,Public EV Charging Infrastructure,Transportation & Mobility,Public Facing,ChargePoint,,Unconfirmed,No AI signal in published fields,No,,Smart City study,https://www.plugshare.com/directory/us/north-carolina/new-bern,plugshare.com,Public organization or vendor,Not marked verified,
ncs-64da556a6600,New Bern,Craven,34724,,Public EV Charging,Mobility & Transport,Transportation & Mobility,Public EV Charging Infrastructure,Transportation & Mobility,Public Facing,Electrify America,,Unconfirmed,No AI signal in published fields,No,,Smart City study,https://www.plugshare.com/directory/us/north-carolina/new-bern,plugshare.com,Public organization or vendor,Not marked verified,
ncs-a4fe111f5795,New Bern,Craven,34724,,Public EV Charging,Mobility & Transport,Transportation & Mobility,Public EV Charging Infrastructure,Transportation & Mobility,Public Facing,Tesla,Supercharger,Unconfirmed,No AI signal in published fields,No,,Smart City study,https://www.plugshare.com/directory/us/north-carolina/new-bern,plugshare.com,Public organization or vendor,Not marked verified,
ncs-412e6d28353d,Pittsboro,Chatham,5054,,Utility Customer Portal & AMI Usage,Infrastructure & Utilities,Smart Water Meters & AMI,Smart Water Meters & AMI,Smart Water Meters & AMI,Public Facing,Badger Meter,EyeOnWater,Unconfirmed,No AI signal in published fields,No,,Smart City study,https://pittsboronc.gov/371/Utility-Customer-Portal,pittsboronc.gov,Government website,Not marked verified,
ncs-9a676c3a4e3a,Pittsboro,Chatham,5054,,Public EV Charging,Mobility & Transport,Transportation & Mobility,Public EV Charging Infrastructure,Transportation & Mobility,Public Facing,Blink,,Unconfirmed,No AI signal in published fields,No,,Smart City study,https://chargehub.com/en/countries/united-states/north-carolina/pittsboro.html,chargehub.com,Public organization or vendor,Not marked verified,
ncs-efc0bed9d70a,Pittsboro,Chatham,5054,,Public EV Charging,Mobility & Transport,Transportation & Mobility,Public EV Charging Infrastructure,Transportation & Mobility,Public Facing,ChargePoint,,Unconfirmed,No AI signal in published fields,No,,Smart City study,https://chargehub.com/en/countries/united-states/north-carolina/pittsboro.html,chargehub.com,Public organization or vendor,Not marked verified,
ncs-92e3e16ea2ab,Pittsboro,Chatham,5054,,Public EV Charging,Mobility & Transport,Transportation & Mobility,Public EV Charging Infrastructure,Transportation & Mobility,Public Facing,Webasto,,Unconfirmed,No AI signal in published fields,No,,Smart City study,https://chargehub.com/en/countries/united-states/north-carolina/pittsboro.html,chargehub.com,Public organization or vendor,Not marked verified,
ncs-d4e157b234a0,Pittsboro,Chatham,5054,,Flock Safety ALPR (Terminated),Safety & Resilience,Public Safety,ALPR & Camera Registries,Public Safety,Internal,Flock Safety,License Plate Reader (LPR),Unconfirmed,No AI signal in published fields,No,,Smart City study,http://pittsboronc.gov/m/newsflash/Home/Detail/238,pittsboronc.gov,Government website,Not marked verified,
ncs-13657ca0f2ef,Pittsboro,Chatham,5054,2024,License Plate Reader,Safety & Resilience,Police,License Plate Reader,Police,Internal,Flock Safety,License Plate Reader,Unconfirmed,AI relevance needs review,No,,Municipal AI study,https://www.pittsboronc.gov/AgendaCenter/ViewFile/Item/4108?fileID=14256,pittsboronc.gov,Government website,Source present; status not audited,
ncs-db840d35f47d,Raleigh,Wake,506306,2024,Daisy,Civic & Community,"Parks, Recreation and Cultural Resources",Daisy,"Parks, Recreation and Cultural Resources",Internal,,,Unconfirmed,AI relevance needs review,Yes,,Municipal AI study,https://raleighnc.gov/services/daisy-frequently-asked-questions,raleighnc.gov,Government website,Source present; status not audited,
ncs-c768a9b52d49,Raleigh,Wake,506306,,Daisy Digital Assistant,Civic & Community,Citizen Services,AI Chatbots & Voice UI,Citizen Services,Public Facing,,,Unconfirmed,AI-primary or AI-dependent,No,,Smart City study,https://raleighnc.gov/apps-maps-and-open-data/news/meet-daisy-raleighs-new-digital-assistant,raleighnc.gov,Government website,Not marked verified,
ncs-12513bdea3b8,Raleigh,Wake,506306,2024,Enterprise Service Management (ESM),Civic & Community,Information Technology,Enterprise Service Management (ESM),Information Technology,Internal,ServiceNow,Enterprise Service Management (ESM),Unconfirmed,AI relevance needs review,Yes,,Municipal AI study,https://www.servicenow.com/fr/workflow/news/enterprise-service-management-what-comes-next.html,servicenow.com,Public organization or vendor,Source present; status not audited,
ncs-ff767abd5ab4,Raleigh,Wake,506306,,Greenway Innovation Corridor / Greenway Explorer,Civic & Community,Parks & Recreation,Smart Parks & Trail Counters,Parks & Recreation,Public Facing,,,Unconfirmed,No AI signal in published fields,No,,Smart City study,https://raleighnc.gov/apps-maps-and-open-data/services/smart-raleigh-projects,raleighnc.gov,Government website,Not marked verified,
ncs-48cf86eafce2,Raleigh,Wake,506306,2024,HR Service Delivery (HRSD),Civic & Community,Information Technology,HR Service Delivery (HRSD),Information Technology,Internal,ServiceNow,HR Service Delivery (HRSD),Operational,AI relevance needs review,Yes,,Municipal AI study,https://www.servicenow.com/content/dam/servicenow-assets/public/en-us/doc-type/resource-center/case-study/cs-city-of-raleigh.pdf,servicenow.com,Public organization or vendor,Source present; status not audited,
ncs-dfc7cae8e5fe,Raleigh,Wake,506306,2024,IT Service Management (ITSM),Civic & Community,Information Technology,IT Service Management (ITSM),Information Technology,Internal,ServiceNow,IT Service Management (ITSM),Unconfirmed,AI relevance needs review,Yes,,Municipal AI study,https://www.servicenow.com/customers/raleigh-north-carolina.html,servicenow.com,Public organization or vendor,Source present; status not audited,
ncs-1e1c6b928c6b,Raleigh,Wake,506306,,Permit and Development Portal,Civic & Community,Citizen Services,Digital Permitting & E-Government,Citizen Services,Public Facing,,,Unconfirmed,No AI signal in published fields,No,,Smart City study,https://raleighnc.gov/permits/services/permit-and-development-portal-help-center,raleighnc.gov,Government website,Not marked verified,
ncs-ed1703ad68fb,Raleigh,Wake,506306,2024,ArcGIS,Digital Governance & Technology,Multiple,ArcGIS,Multiple,Internal,Esri,ArcGIS,Unconfirmed,AI relevance needs review,Yes,,Municipal AI study,https://www.esri.com/en-us/landing-page/product/2020/city-of-raleigh-case-study,esri.com,Public organization or vendor,Source present; status not audited,
ncs-854c462b8922,Raleigh,Wake,506306,,Connected Triangle+ Summit II Regional Smart City Challenge,Digital Governance & Technology,Smart City Governance & Performance,Cross-department Data Sharing & Dashboards,Smart City Governance & Performance,Public Facing,AT&T,,Unconfirmed,No AI signal in published fields,No,,Smart City study,https://raleighnc.gov/apps-maps-and-open-data/services/regional-smart-city-movement-connected-triangle/connected-triangle,raleighnc.gov,Government website,Not marked verified,
ncs-ec160314d1ca,Raleigh,Wake,506306,,Digital Twin (Esri ArcGIS + NVIDIA + Microsoft Azure),Digital Governance & Technology,GIS & Planning,Urban Digital Twins & 3D City Models,GIS & Planning,Internal,Esri,ArcGIS,Unconfirmed,No AI signal in published fields,No,,Smart City study,https://www.nvidia.com/en-us/case-studies/raleigh-smart-city/,nvidia.com,Public organization or vendor,Not marked verified,
ncs-7d383cb8e6d8,Raleigh,Wake,506306,,Digital Twin (Esri ArcGIS + NVIDIA + Microsoft Azure),Digital Governance & Technology,GIS & Planning,Urban Digital Twins & 3D City Models,GIS & Planning,Internal,Microsoft,Azure,Unconfirmed,No AI signal in published fields,No,,Smart City study,https://www.nvidia.com/en-us/case-studies/raleigh-smart-city/,nvidia.com,Public organization or vendor,Not marked verified,
ncs-7995309a0037,Raleigh,Wake,506306,,Digital Twin (Esri ArcGIS + NVIDIA + Microsoft Azure),Digital Governance & Technology,GIS & Planning,Urban Digital Twins & 3D City Models,GIS & Planning,Internal,NVIDIA,Smart City AI Blueprint,Unconfirmed,No AI signal in published fields,No,,Smart City study,https://www.nvidia.com/en-us/case-studies/raleigh-smart-city/,nvidia.com,Public organization or vendor,Not marked verified,
ncs-353517dc0a8e,Raleigh,Wake,506306,2024,IT Operations Management (ITOM),Digital Governance & Technology,Information Technology,IT Operations Management (ITOM),Information Technology,Internal,ServiceNow,IT Operations Management (ITOM),Unconfirmed,AI relevance needs review,Yes,,Municipal AI study,https://www.servicenow.com/content/dam/servicenow-assets/public/en-us/doc-type/resource-center/case-study/cs-city-of-raleigh.pdf,servicenow.com,Public organization or vendor,Source present; status not audited,
ncs-8389cb6e3ab2,Raleigh,Wake,506306,2024,Maestro,Digital Governance & Technology,Office of Strategy and Innovation,Maestro,Office of Strategy and Innovation,Internal,MyMatR,Maestro,Unconfirmed,AI relevance needs review,Yes,,Municipal AI study,https://raleighnc.gov/apps-maps-and-open-data/services/smart-raleigh-projects,raleighnc.gov,Government website,Source present; status not audited,
ncs-b06d5527187b,Raleigh,Wake,506306,,Microclimate Modeling & Digital Twin,Digital Governance & Technology,GIS & Planning,Digital Twins & 3D City Modeling,GIS & Planning,Internal,Aeris,"Physical Modeling, Simulation, & Analysis",Unconfirmed,No AI signal in published fields,No,,Smart City study,https://raleighnc.gov/apps-maps-and-open-data/services/utilizing-data-innovative-solutions,raleighnc.gov,Government website,Not marked verified,
ncs-0d77fd8a08b8,Raleigh,Wake,506306,,Microclimate Modeling & Digital Twin: Envisioning Raleigh's Future,Digital Governance & Technology,GIS & Planning,Digital Twins & 3D City Modeling,GIS & Planning,Internal,MITRE,3D Digital GIS Twin,Planned or budgeted,No AI signal in published fields,No,,Smart City study,https://raleighnc.gov/apps-maps-and-open-data/news/city-raleigh-it-wins-smart-20-award,raleighnc.gov,Government website,Not marked verified,
ncs-578eafcdff35,Raleigh,Wake,506306,2024,Ral-E,Digital Governance & Technology,Information Technology,AI Platform,Information Technology,Internal,ServiceNow,AI Platform,Unconfirmed,AI relevance needs review,Yes,,Municipal AI study,https://www.servicenow.com/fr/workflow/news/enterprise-service-management-what-comes-next.html,servicenow.com,Public organization or vendor,Source present; status not audited,
ncs-52c1216addc5,Raleigh,Wake,506306,2024,Raleigh Assistant,Digital Governance & Technology,AI & Automation,Assistant,Not recorded,Public Facing,Cludo,Assistant,Unconfirmed,AI relevance needs review,Yes,,Municipal AI study,https://raleighnc.gov/,raleighnc.gov,Government website,Source present; status not audited,
ncs-8bad94e372a7,Raleigh,Wake,506306,,Smart Mobility AI Pilot (Esri/NVIDIA/Microsoft),Digital Governance & Technology,Smart City Governance & Performance,Cross-department Data Sharing & Dashboards,Smart City Governance & Performance,Internal,Esri,ArcGIS,Pilot,No AI signal in published fields,No,,Smart City study,https://raleighnc.gov/apps-maps-and-open-data/news/raleigh-highlights-advanced-technology-use-global-conference,raleighnc.gov,Government website,Not marked verified,
ncs-73f488528922,Raleigh,Wake,506306,,Smart Mobility AI Pilot (Esri/NVIDIA/Microsoft),Digital Governance & Technology,Smart City Governance & Performance,Cross-department Data Sharing & Dashboards,Smart City Governance & Performance,Internal,Microsoft,Azure,Pilot,AI relevance needs review,Yes,,Smart City study + Municipal AI study,https://raleighnc.gov/apps-maps-and-open-data/news/raleigh-highlights-advanced-technology-use-global-conference,raleighnc.gov,Government website,Not marked verified,
ncs-e0cb033e32ec,Raleigh,Wake,506306,,Smart Mobility AI Pilot (Esri/NVIDIA/Microsoft),Digital Governance & Technology,Smart City Governance & Performance,Cross-department Data Sharing & Dashboards,Smart City Governance & Performance,Internal,NVIDIA,Video Search and Summarization (VSS) Blueprint,Pilot,AI-assisted workflow,No,,Smart City study,https://raleighnc.gov/apps-maps-and-open-data/news/raleigh-highlights-advanced-technology-use-global-conference,raleighnc.gov,Government website,Not marked verified,
ncs-ac8ef5500897,Raleigh,Wake,506306,2024,Strategic Portfolio Management (SPM),Digital Governance & Technology,Information Technology,Strategic Portfolio Management (SPM),Information Technology,Internal,ServiceNow,Strategic Portfolio Management (SPM),Unconfirmed,AI relevance needs review,Yes,,Municipal AI study,https://www.servicenow.com/content/dam/servicenow-assets/public/en-us/doc-type/resource-center/case-study/cs-city-of-raleigh.pdf,servicenow.com,Public organization or vendor,Source present; status not audited,
ncs-85004d8f5711,Raleigh,Wake,506306,2024,Vulnerability Response,Digital Governance & Technology,Information Technology,Vulnerability Response,Information Technology,Internal,ServiceNow,Vulnerability Response,Unconfirmed,AI relevance needs review,Yes,,Municipal AI study,https://www.servicenow.com/content/dam/servicenow-assets/public/en-us/doc-type/resource-center/case-study/cs-city-of-raleigh.pdf,servicenow.com,Public organization or vendor,Source present; status not audited,
ncs-e29d287fb3a8,Raleigh,Wake,506306,,AI Pipe Replacement Prioritization,Infrastructure & Utilities,Water Utilities & Wastewater,Predictive Water Maintenance,Water Utilities & Wastewater,Internal,Xylem,,Unconfirmed,No AI signal in published fields,No,,Smart City study,https://www.xylem.com/en-us/making-waves/water-utilities-news/utility-prioritizes-pipe-replacement-projects/,xylem.com,Public organization or vendor,Not marked verified,
ncs-ac822a5f20f3,Raleigh,Wake,506306,2024,Asset Performance Optimization,Infrastructure & Utilities,Public Utilities Department,Asset Performance Optimization,Public Utilities Department,Internal,Xylem,Asset Performance Optimization,Unconfirmed,AI relevance needs review,Yes,,Municipal AI study,https://www.xylem.com/en-om/making-waves/water-utilities-news/utility-prioritizes-pipe-replacement-projects/,xylem.com,Public organization or vendor,Source present; status not audited,
ncs-a06444e71a81,Raleigh,Wake,506306,2024,Blockage Predictor,Infrastructure & Utilities,Public Utilities Department,Blockage Predictor,Public Utilities Department,Internal,ADS,Blockage Predictor,Unconfirmed,AI relevance needs review,Yes,,Municipal AI study,https://raleighnc.gov/water-and-sewer/services/machine-learning-projects,raleighnc.gov,Government website,Source present; status not audited,
ncs-6071fca4cdd3,Raleigh,Wake,506306,,Consert Two-Way Interactive Smart Grid Network,Infrastructure & Utilities,Electric Utilities,Smart Grids & AMI,Electric Utilities,Public Facing,Consert,,Operational,No AI signal in published fields,No,,Smart City study,https://raleigh-wake.org/news/triangle-is-central-for-smart-grid-development,raleigh-wake.org,Public organization or vendor,Not marked verified,
ncs-61aa6bfaae84,Raleigh,Wake,506306,2024,Hardware Asset Management (HAM),Infrastructure & Utilities,Information Technology,Hardware Asset Management (HAM),Information Technology,Internal,ServiceNow,Hardware Asset Management (HAM),Unconfirmed,AI relevance needs review,Yes,,Municipal AI study,https://www.servicenow.com/content/dam/servicenow-assets/public/en-us/doc-type/resource-center/case-study/cs-city-of-raleigh.pdf,servicenow.com,Public organization or vendor,Source present; status not audited,
ncs-335f13f0ef0d,Raleigh,Wake,506306,,MyMatR Smart Waste & Recycling Sorting Bins,Infrastructure & Utilities,Solid Waste,Smart Waste & IoT Pest Control,Solid Waste,Public Facing,MyMatR,,Unconfirmed,No AI signal in published fields,No,,Smart City study,https://raleighnc.gov/apps-maps-and-open-data/services/smart-raleigh-projects,raleighnc.gov,Government website,Not marked verified,
ncs-71977c420d5c,Raleigh,Wake,506306,,Peach Road Cultural Center Smart Lighting & Wi-Fi,Infrastructure & Utilities,Street Lighting,LED/Adaptive Streetlights & Drone Lighting,Street Lighting,Public Facing,,,Unconfirmed,No AI signal in published fields,No,,Smart City study,https://raleighnc.gov/apps-maps-and-open-data/services/smart-raleigh-projects,raleighnc.gov,Government website,Not marked verified,
ncs-a37e4bf87d50,Raleigh,Wake,506306,2024,PRISM,Infrastructure & Utilities,Public Utilities Department,PRISM,Public Utilities Department,Internal,ADS,PRISM,Unconfirmed,AI relevance needs review,Yes,,Municipal AI study,https://raleighnc.gov/water-and-sewer/services/machine-learning-projects,raleighnc.gov,Government website,Source present; status not audited,
ncs-055f4e240ebb,Raleigh,Wake,506306,,Sewer Blockage Prediction,Infrastructure & Utilities,Water Utilities & Wastewater,Predictive Water Maintenance,Water Utilities & Wastewater,Internal,ADS,Blockage PREDICT,Unconfirmed,No AI signal in published fields,No,,Smart City study,https://raleighnc.gov/water-and-sewer/services/machine-learning-projects,raleighnc.gov,Government website,Not marked verified,
ncs-e0d9f0cd2fda,Raleigh,Wake,506306,,Adaptive Traffic Signals,Mobility & Transport,Transportation & Mobility,Adaptive Traffic Signal Control & Transit Preemption,Transportation & Mobility,Public Facing,,,Unconfirmed,No AI signal in published fields,No,,Smart City study,https://raleighnc.gov/,raleighnc.gov,Government website,Not marked verified,
ncs-1852c029814e,Raleigh,Wake,506306,,Municipal Fleet Telematics (Geotab),Mobility & Transport,Fleet Management,Automatic Vehicle Location (AVL) & Fleet Telematics,Fleet Management,Internal,BlueArrow Telematics,,Unconfirmed,No AI signal in published fields,No,,Smart City study,https://www.geotab.com/case-study/city-of-raleigh/,geotab.com,Public organization or vendor,Not marked verified,
ncs-006ea7f03e99,Raleigh,Wake,506306,,Municipal Fleet Telematics (Geotab),Mobility & Transport,Fleet Management,Automatic Vehicle Location (AVL) & Fleet Telematics,Fleet Management,Internal,Geotab,Telematics Platform,Unconfirmed,No AI signal in published fields,No,,Smart City study,https://www.geotab.com/case-study/city-of-raleigh/,geotab.com,Public organization or vendor,Not marked verified,
ncs-0b5c62c02ef1,Raleigh,Wake,506306,,NC State EV Charging & Plug-in Vehicle Research,Mobility & Transport,Transportation & Mobility,Public EV Charging Infrastructure,Transportation & Mobility,Public Facing,NC State University,,Unconfirmed,No AI signal in published fields,No,,Smart City study,https://raleigh-wake.org/news/triangle-is-central-for-smart-grid-development,raleigh-wake.org,Public organization or vendor,Not marked verified,
ncs-be4760825da2,Raleigh,Wake,506306,2024,Raleigh on the Move,Mobility & Transport,Transportation,INSIGHT,Transportation,Internal,Derq,INSIGHT,Unconfirmed,AI relevance needs review,Yes,,Municipal AI study,https://blogs.nvidia.com/blog/city-of-raleigh-metropolis-traffic/,blogs.nvidia.com,Public organization or vendor,Source present; status not audited,
ncs-2b2dbb0db705,Raleigh,Wake,506306,2024,Raleigh on the Move,Mobility & Transport,Transportation,ArcGIS,Transportation,Internal,Esri,ArcGIS,Unconfirmed,AI relevance needs review,Yes,,Municipal AI study,https://www.esri.com/en-us/landing-page/product/2020/city-of-raleigh-case-study,esri.com,Public organization or vendor,Source present; status not audited,
ncs-0925db19f9b9,Raleigh,Wake,506306,2024,Raleigh on the Move,Mobility & Transport,Transportation,Core,Transportation,Internal,Miovision,Core,Unconfirmed,AI relevance needs review,Yes,,Municipal AI study,https://raleighnc.gov/transportation/news/ai-pilot-program-raleigh-move,raleighnc.gov,Government website,Source present; status not audited,
ncs-af5ac6820920,Raleigh,Wake,506306,2024,Raleigh on the Move,Mobility & Transport,Transportation,Miovision SmartView 360,Transportation,Internal,Miovision,Miovision SmartView 360,Unconfirmed,AI relevance needs review,Yes,,Municipal AI study,https://blogs.nvidia.com/blog/city-of-raleigh-metropolis-traffic/,blogs.nvidia.com,Public organization or vendor,Source present; status not audited,
ncs-ffee5e7852a0,Raleigh,Wake,506306,2024,Raleigh on the Move,Mobility & Transport,Transportation,Scout Plus,Transportation,Internal,Miovision,Scout Plus,Unconfirmed,AI relevance needs review,Yes,,Municipal AI study,https://blogs.nvidia.com/blog/city-of-raleigh-metropolis-traffic/,blogs.nvidia.com,Public organization or vendor,Source present; status not audited,
ncs-05c1c8b5c693,Raleigh,Wake,506306,2024,Raleigh on the Move,Mobility & Transport,Transportation,SmartView Approach,Transportation,Internal,Miovision,SmartView Approach,Unconfirmed,AI relevance needs review,Yes,,Municipal AI study,https://blogs.nvidia.com/blog/city-of-raleigh-metropolis-traffic/,blogs.nvidia.com,Public organization or vendor,Source present; status not audited,
ncs-6f6b5423e088,Raleigh,Wake,506306,2024,Raleigh on the Move,Mobility & Transport,Transportation,AI Blueprint for Video Search and Summarization (VSS),Transportation,Internal,NVIDIA,AI Blueprint for Video Search and Summarization (VSS),Unconfirmed,AI-assisted workflow,Yes,,Municipal AI study,https://blogs.nvidia.com/blog/physical-ai-smart-city-expo-world-congress/,blogs.nvidia.com,Public organization or vendor,Source present; status not audited,
ncs-b9f8aa909f27,Raleigh,Wake,506306,2024,Raleigh on the Move,Mobility & Transport,Transportation,DeepStream SDK,Transportation,Internal,NVIDIA,DeepStream SDK,Unconfirmed,AI relevance needs review,Yes,,Municipal AI study,https://blogs.nvidia.com/blog/city-of-raleigh-metropolis-traffic/,blogs.nvidia.com,Public organization or vendor,Source present; status not audited,
ncs-2e261bceed0c,Raleigh,Wake,506306,2024,Raleigh on the Move,Mobility & Transport,Transportation,Metropolis,Transportation,Internal,NVIDIA,Metropolis,Unconfirmed,AI relevance needs review,Yes,,Municipal AI study,https://blogs.nvidia.com/blog/city-of-raleigh-metropolis-traffic/,blogs.nvidia.com,Public organization or vendor,Source present; status not audited,
ncs-c71601fb4402,Raleigh,Wake,506306,2024,Raleigh on the Move,Mobility & Transport,Transportation,NVIDIA,Transportation,Internal,NVIDIA,NVIDIA,Unconfirmed,AI relevance needs review,Yes,,Municipal AI study,https://blogs.nvidia.com/blog/city-of-raleigh-metropolis-traffic/,blogs.nvidia.com,Public organization or vendor,Source present; status not audited,
ncs-a5b884d5aee7,Raleigh,Wake,506306,2024,Raleigh on the Move,Mobility & Transport,Transportation,TensorRT,Transportation,Internal,NVIDIA,TensorRT,Unconfirmed,AI relevance needs review,Yes,,Municipal AI study,https://blogs.nvidia.com/blog/city-of-raleigh-metropolis-traffic/,blogs.nvidia.com,Public organization or vendor,Source present; status not audited,
ncs-fec5dc2a49a0,Raleigh,Wake,506306,,Solar-Powered EV Chargers at City Parks,Mobility & Transport,Transportation & Mobility,Public EV Charging Infrastructure,Transportation & Mobility,Public Facing,,,Unconfirmed,No AI signal in published fields,No,,Smart City study,https://raleighnc.gov/climate-action-and-sustainability/services/electric-vehicle-chargers-city-parks,raleighnc.gov,Government website,Not marked verified,
ncs-6c15d689e74b,Raleigh,Wake,506306,2024,License Plate Reader,Safety & Resilience,Police,License Plate Reader,Police,Internal,Flock Safety,License Plate Reader,Unconfirmed,AI relevance needs review,Yes,,Municipal AI study,https://transparency.flocksafety.com/raleigh-nc-pd,transparency.flocksafety.com,Public organization or vendor,Source present; status not audited,
ncs-8a2cbd4091b9,Raleigh,Wake,506306,,Regional Air Quality & Heat Monitoring,Safety & Resilience,Environment & Sustainability,Localized Air/Noise/Heat Island Sensors,Environment & Sustainability,Internal,JustAir,,Unconfirmed,No AI signal in published fields,No,,Smart City study,https://raleighnc.gov/apps-maps-and-open-data/services/smart-raleigh-projects,raleighnc.gov,Government website,Not marked verified,
ncs-8f3d40f0a389,Raleigh,Wake,506306,,Vision AI Traffic Analytics (NVIDIA Metropolis/DeepStream),Safety & Resilience,Vision AI Platforms,Vision AI Platforms,Vision AI Platforms,Public Facing,NVIDIA,DeepStream video analytics,Unconfirmed,AI-primary or AI-dependent,No,,Smart City study,https://www.nvidia.com/en-us/case-studies/raleigh-smart-city/,nvidia.com,Public organization or vendor,Not marked verified,
ncs-53c896d426ec,Raleigh,Wake,506306,,Vision AI Traffic Analytics (NVIDIA Metropolis/DeepStream),Safety & Resilience,Vision AI Platforms,Vision AI Platforms,Vision AI Platforms,Public Facing,NVIDIA,Metropolis,Unconfirmed,AI-primary or AI-dependent,No,,Smart City study,https://www.nvidia.com/en-us/case-studies/raleigh-smart-city/,nvidia.com,Public organization or vendor,Not marked verified,
ncs-8ce9766aae0e,Rocky Mount,Edgecombe,55120,,HBCU Smart City Challenge - Pipe Census Water Mapping,Civic & Community,Housing & Neighborhood Services,Digital Equity & Technology Education,Housing & Neighborhood Services,Public Facing,,,Unconfirmed,No AI signal in published fields,No,,Smart City study,https://www.wral.com/business/technology/hbcu-smart-city-challenge-2025/,wral.com,News or trade publication,Not marked verified,
ncs-8beba1f6c998,Rocky Mount,Edgecombe,55120,,Brightspeed Fiber,Digital Governance & Technology,Broadband & Connectivity,Public WiFi & Broadband Expansion,Broadband & Connectivity,Public Facing,Brightspeed,Fiber Internet,Unconfirmed,No AI signal in published fields,No,,Smart City study,https://www.brightspeed.com/local/nc/rocky-mount,brightspeed.com,Public organization or vendor,Not marked verified,
ncs-cc80e62695bb,Rocky Mount,Edgecombe,55120,,GIS & Technology Services,Digital Governance & Technology,GIS & Planning,Enterprise GIS,GIS & Planning,Public Facing,,,Unconfirmed,No AI signal in published fields,No,,Smart City study,https://cityofrockymount.hosted.civiclive.com/departments/technology_services/gis,cityofrockymount.hosted.civiclive.com,Municipal or government website,Not marked verified,
ncs-8a67e514d7ce,Rocky Mount,Edgecombe,55120,,Flood Advisory and Stream Gauge Dashboards,Infrastructure & Utilities,Environmental Monitoring,Flood Prediction & Water Level Sensors,Environmental Monitoring,Public Facing,,,Unconfirmed,No AI signal in published fields,No,,Smart City study,https://www.rockymountnc.gov/452/Technology-Services,rockymountnc.gov,Government website,Not marked verified,
ncs-10e4d192e834,Rocky Mount,Edgecombe,55120,,AirGarage Smart Parking,Mobility & Transport,Transportation & Mobility,Smart Parking & Curb Management,Transportation & Mobility,Public Facing,AirGarage,AirGarage,Unconfirmed,No AI signal in published fields,No,,Smart City study,https://www.airgarage.com/locations/rocky-mount-nc,airgarage.com,Public organization or vendor,Not marked verified,
ncs-19e0ca4574bf,Rocky Mount,Edgecombe,55120,,City-Owned EV Charging,Mobility & Transport,Transportation & Mobility,Public EV Charging Infrastructure,Transportation & Mobility,Public Facing,,,Unconfirmed,No AI signal in published fields,No,,Smart City study,https://www.wral.com/archive/21183709/,wral.com,News or trade publication,Not marked verified,
ncs-00670f237faa,Rocky Mount,Edgecombe,55120,,Emergency Vehicle Preemption,Mobility & Transport,Transportation & Mobility,Adaptive Traffic Signal Control & Transit Preemption,Transportation & Mobility,Public Facing,,,Unconfirmed,No AI signal in published fields,No,,Smart City study,https://www.rockymountnc.gov/323/Traffic-Engineering,rockymountnc.gov,Government website,Not marked verified,
ncs-3ac3b330a1b6,Rocky Mount,Edgecombe,55120,2024,License Plate Reader,Safety & Resilience,Police,License Plate Reader,Police,Internal,Flock Safety,License Plate Reader,Unconfirmed,AI relevance needs review,No,,Municipal AI study,https://www.atlasofsurveillance.org/search?location=Rocky+Mount%2C+NC&sort=county_desc,atlasofsurveillance.org,Public organization or vendor,Source present; status not audited,
ncs-1015f35b2ec6,Rocky Mount,Edgecombe,55120,,Police Camera Network / Real-Time Intelligence Center,Safety & Resilience,Public Safety,Real-Time Crime Centers (RTCC/RTIC),Public Safety,Internal,,,Unconfirmed,No AI signal in published fields,No,,Smart City study,https://www.wral.com/archive/21537842/,wral.com,News or trade publication,Not marked verified,
ncs-98419b0d279c,Rocky Mount,Edgecombe,55120,2024,ShotSpotter,Safety & Resilience,Police,ShotSpotter,Police,Internal,SoundThinking,ShotSpotter,Unconfirmed,AI relevance needs review,No,,Municipal AI study,https://carolinapublicpress.org/56176/fayetteville-approves-gunshot-detection-system-despite-concerns-of-effectiveness/,carolinapublicpress.org,Public organization or vendor,Source present; status not audited,
ncs-abfe77f608c5,Rocky Mount,Edgecombe,55120,,Traffic Cameras,Safety & Resilience,Public Safety,ALPR & Camera Registries,Public Safety,Public Facing,,,Unconfirmed,No AI signal in published fields,No,,Smart City study,https://www.rockymountnc.gov/323/Traffic-Engineering,rockymountnc.gov,Government website,Not marked verified,
ncs-9b4d19757bdf,Rolesville,Wake,12839,,GovWell AI Community Assistant,Civic & Community,Citizen Services,Digital Permitting & E-Government,Citizen Services,Public Facing,GovWell,AI Community Assistant,Unconfirmed,No AI signal in published fields,No,,Smart City study,https://www.rolesvillenc.gov/planning/development-entitlements-govwell-submittal-process,rolesvillenc.gov,Government website,Not marked verified,
ncs-6677c693fb7b,Rolesville,Wake,12839,,Report a Concern Portal,Civic & Community,Community Engagement,311 & Crowdsourcing Civic Apps,Community Engagement,Public Facing,,,Unconfirmed,No AI signal in published fields,No,,Smart City study,https://www.rolesvillenc.gov/report-concern,rolesvillenc.gov,Government website,Not marked verified,
ncs-940c9a14a349,Rolesville,Wake,12839,2024,Rolesville AI,Digital Governance & Technology,AI & Automation,AI Community Assistant,Not recorded,Public Facing,GovWell,AI Community Assistant,Unconfirmed,AI relevance needs review,Yes,,Municipal AI study,https://app.govwell.com/rolesville,app.govwell.com,Public organization or vendor,Source present; status not audited,
ncs-2faf4468184b,Rolesville,Wake,12839,,Rolesville Ting Fiber Internet,Digital Governance & Technology,Broadband & Connectivity,Public WiFi & Broadband Expansion,Broadband & Connectivity,Public Facing,Ting (Tucows),Fiber Internet,Unconfirmed,No AI signal in published fields,No,,Smart City study,https://www.tucows.com/news/ting-internets-highly-anticipated-fiber-internet-now-accessible-in-rolesville-north-carolina,tucows.com,Public organization or vendor,Not marked verified,
ncs-b41f1d488ab9,Rolesville,Wake,12839,,MicroLink On-Demand Microtransit Pilot,Mobility & Transport,Transportation & Mobility,Microtransit & Autonomous Transit,Transportation & Mobility,Public Facing,GoRaleigh,MicroLink App,Pilot,No AI signal in published fields,No,,Smart City study,https://www.rolesvillenc.gov/news/goraleigh-launches-new-microtransit-system-rolesville-and-portions-wake-forest,rolesvillenc.gov,Government website,Not marked verified,
ncs-c0d36846c36e,Salisbury,Rowan,36879,,Open Data Portal,Digital Governance & Technology,"Data, AI & Innovation",Open Data Portals,"Data, AI & Innovation",Public Facing,,,Unconfirmed,No AI signal in published fields,No,,Smart City study,https://salisburync.gov/Government/Communications/Data-and-Insights/Open-Data-Portal,salisburync.gov,Government website,Not marked verified,
ncs-d6665e93ac1a,Salisbury,Rowan,36879,,Smart Gigabit Communities Program,Digital Governance & Technology,Broadband & Connectivity,Public WiFi & Broadband Expansion,Broadband & Connectivity,Public Facing,Calix,E5-520 Ethernet Service Access Node (ESAN),Unconfirmed,No AI signal in published fields,No,,Smart City study,https://www.lightreading.com/broadband/carolina-town-becomes-first-us-10-gig-city,lightreading.com,Public organization or vendor,Not marked verified,
ncs-bc2435c3a243,Salisbury,Rowan,36879,,Smart Gigabit Communities Program,Digital Governance & Technology,Broadband & Connectivity,Public WiFi & Broadband Expansion,Broadband & Connectivity,Public Facing,Hotwire Communications,Fision,Unconfirmed,No AI signal in published fields,No,,Smart City study,https://hotwirecommunications.com/city-of-salisbury-nc,hotwirecommunications.com,Public organization or vendor,Not marked verified,
ncs-078de6ac08f2,Salisbury,Rowan,36879,,Traffic Cameras,Digital Governance & Technology,Smart City Governance & Performance,Cross-department Data Sharing & Dashboards,Smart City Governance & Performance,Public Facing,NCDOT,,Unconfirmed,No AI signal in published fields,No,,Smart City study,https://www.weatherbug.com/traffic-cam/salisbury-nc-28144,weatherbug.com,Public organization or vendor,Not marked verified,
ncs-3e6332e5fcce,Salisbury,Rowan,36879,,Rowan Utilities (SRU) AMI Smart Water Meters,Infrastructure & Utilities,Smart Water Meters & AMI,Smart Water Meters & AMI,Smart Water Meters & AMI,Public Facing,,,Unconfirmed,No AI signal in published fields,No,,Smart City study,https://salisburync.gov/,salisburync.gov,Government website,Not marked verified,
ncs-a79fd46ffddd,Salisbury,Rowan,36879,,Connect (Microtransit Pilot Program),Mobility & Transport,Transportation & Mobility,Microtransit & Autonomous Transit,Transportation & Mobility,Public Facing,Downtowner Holdings,,Pilot,No AI signal in published fields,No,,Smart City study,https://salisburync.gov/Government/Community-Engagement/Newsroom/ArtMID/858/ArticleID/9636/Salisbury-Connect-Microtransit-Service-Launch,salisburync.gov,Government website,Not marked verified,
ncs-845e4cc02604,Salisbury,Rowan,36879,,(Rowan Regional) Crime Information Center,Safety & Resilience,Public Safety,Real-Time Crime Centers (RTCC/RTIC),Public Safety,Internal,,,Unconfirmed,No AI signal in published fields,No,,Smart City study,https://www.salisburypost.com/2021/05/26/new-salisbury-police-crime-information-center-uses-65-cameras-across-the-city-to-enhance-policing-efforts/,salisburypost.com,Public organization or vendor,Not marked verified,
ncs-9439f5260e1f,Sanford,Lee,34138,,/Lee County Online Permits (Central Intake),Civic & Community,Citizen Services,Digital Permitting & E-Government,Citizen Services,Public Facing,Citizenserve,Citizenserve,Unconfirmed,No AI signal in published fields,No,,Smart City study,https://www.sanfordnc.net/247/Online-Permits-Plan-Reviews-Inspections,sanfordnc.net,Public organization or vendor,Not marked verified,
ncs-6b3e7b83e922,Sanford,Lee,34138,2024,Citizen Request Tracker,Civic & Community,AI & Automation,Citizen Request Tracker (CRT),Not recorded,Public Facing,CivicPlus,Citizen Request Tracker (CRT),Unconfirmed,AI-capable; use unconfirmed,No,,Municipal AI study,https://sanfordnc.net/RequestTracker.aspx,sanfordnc.net,Public organization or vendor,Source present; status not audited,
ncs-55ebb9eabad7,Sanford,Lee,34138,,/Lee County 2025 Project Database,Digital Governance & Technology,Smart City Governance & Performance,Cross-department Data Sharing & Dashboards,Smart City Governance & Performance,Public Facing,,,Unconfirmed,No AI signal in published fields,No,,Smart City study,https://sanfordnc.net/871/2025-Project-Database,sanfordnc.net,Public organization or vendor,Not marked verified,
ncs-ac29ca726283,Sanford,Lee,34138,2024,"City of Sanford, NC",Digital Governance & Technology,AI & Automation,CivicPlus Marketplace App,Not recorded,Public Facing,CivicPlus,CivicPlus Marketplace App,Unconfirmed,AI-capable; use unconfirmed,No,,Municipal AI study,https://play.google.com/store/apps/details?id=com.civicplus.nc_sanford,play.google.com,Public organization or vendor,Source present; status not audited,
ncs-a905183140cc,Sanford,Lee,34138,2024,CivicMedia,Digital Governance & Technology,AI & Automation,CivicPlus Media,Not recorded,Public Facing,CivicPlus,CivicPlus Media,Unconfirmed,AI-capable; use unconfirmed,No,,Municipal AI study,https://www.sanfordnc.net/civicmedia,sanfordnc.net,Public organization or vendor,Source present; status not audited,
ncs-8a554c13ddbc,Sanford,Lee,34138,,MCNC HERO Project (Sanford),Digital Governance & Technology,Broadband & Connectivity,Public WiFi & Broadband Expansion,Broadband & Connectivity,Public Facing,MCNC,NCREN,Unconfirmed,No AI signal in published fields,No,,Smart City study,https://mcnc.org/knowledge-center/news/mcnc-begins-broadband-expansion-in-sanford,mcnc.org,Public organization or vendor,Not marked verified,
ncs-c01797661011,Sanford,Lee,34138,2024,Municipal Websites (CivicEngage),Digital Governance & Technology,AI & Automation,Municipal Websites (CivicEngage),Not recorded,Public Facing,CivicPlus,Municipal Websites (CivicEngage),Unconfirmed,AI-capable; use unconfirmed,No,,Municipal AI study,https://sanfordnc.net/,sanfordnc.net,Public organization or vendor,Source present; status not audited,
ncs-26f8b2e13032,Sanford,Lee,34138,2024,Sanford Alerts,Digital Governance & Technology,AI & Automation,CivicReady,Not recorded,Public Facing,CivicPlus,CivicReady,Unconfirmed,AI-capable; use unconfirmed,No,,Municipal AI study,https://public.alertsense.com/SignUp/?RegionId=2140,public.alertsense.com,Public organization or vendor,Source present; status not audited,
ncs-002492293c7c,Sanford,Lee,34138,2024,Sanford CivicPlus Authentication Portal,Digital Governance & Technology,AI & Automation,CivicPlus Portal,Not recorded,Public Facing,CivicPlus,CivicPlus Portal,Unconfirmed,AI-capable; use unconfirmed,No,,Municipal AI study,https://www.sanfordnc.net/civicmedia,sanfordnc.net,Public organization or vendor,Source present; status not audited,
ncs-f495bc2fd3cb,Sanford,Lee,34138,,Ting Internet Fiber Network (Sanford),Digital Governance & Technology,Broadband & Connectivity,Public WiFi & Broadband Expansion,Broadband & Connectivity,Public Facing,Ting (Tucows),Fiber Internet,Unconfirmed,No AI signal in published fields,No,,Smart City study,https://www.sanfordnc.net/CivicAlerts.asp?AID=512&ARC=1328,sanfordnc.net,Public organization or vendor,Not marked verified,
ncs-e35a11946b0f,Sanford,Lee,34138,,TriRiver Water AMI Meter Upgrade (Sanford),Infrastructure & Utilities,Smart Water Meters & AMI,Smart Water Meters & AMI,Smart Water Meters & AMI,Public Facing,G2 Utilities,,Unconfirmed,No AI signal in published fields,No,,Smart City study,https://www.tririverwater.com/249/Sanford-Water-Meter-Upgrade-Installation,tririverwater.com,Public organization or vendor,Not marked verified,
ncs-e50c2140d44b,Sanford,Lee,34138,,TriRiver Water AMI Meter Upgrade (Sanford),Infrastructure & Utilities,Smart Water Meters & AMI,Smart Water Meters & AMI,Smart Water Meters & AMI,Public Facing,TriRiver Water,,Unconfirmed,No AI signal in published fields,No,,Smart City study,https://www.tririverwater.com/249/Sanford-Water-Meter-Upgrade-Installation,tririverwater.com,Public organization or vendor,Not marked verified,
ncs-e215f1928d1a,Sanford,Lee,34138,,City of Sanford EV Charging Station (101 E. Humber St.),Mobility & Transport,Transportation & Mobility,Public EV Charging Infrastructure,Transportation & Mobility,Public Facing,EVConnect,,Unconfirmed,No AI signal in published fields,No,,Smart City study,https://chargehub.com/en/ev-charging-stations/united-states/north-carolina/sanford/city-of-sanford-101-east-humber-street/electric-car-stations-near-me?locId=166834,chargehub.com,Public organization or vendor,Not marked verified,
ncs-9cff2ff11bf9,Sanford,Lee,34138,,Traffic Cameras,Mobility & Transport,Transportation & Mobility,Intelligent Transportation Systems (ITS),Transportation & Mobility,Public Facing,NCDOT,,Unconfirmed,No AI signal in published fields,No,,Smart City study,https://www.weatherbug.com/traffic-cam/sanford-nc-27330,weatherbug.com,Public organization or vendor,Not marked verified,
ncs-9a7a4f0e7c9a,Statesville,Iredell,32181,,Advanced Metering Infrastructure (AMI),Infrastructure & Utilities,Electric Utilities,Smart Grids & AMI,Electric Utilities,Public Facing,Sensus,Analytics,Unconfirmed,No AI signal in published fields,No,,Smart City study,https://www.statesvillenc.net/advanced-metering-infrastructure/,statesvillenc.net,Public organization or vendor,Not marked verified,
ncs-12cc95521672,Statesville,Iredell,32181,,Automated Meter Infrastructure (AMI) Project,Infrastructure & Utilities,Electric Utilities,Smart Grids & AMI,Electric Utilities,Public Facing,,,Unconfirmed,No AI signal in published fields,No,,Smart City study,https://iredelledc.com/statesville-approves-automated-meter-infrastructure-ami-project-savings-of-900000/,iredelledc.com,Public organization or vendor,Not marked verified,
ncs-e86eb8596989,Statesville,Iredell,32181,,Public EV Charging Network,Mobility & Transport,Transportation & Mobility,Public EV Charging Infrastructure,Transportation & Mobility,Public Facing,Blink,,Unconfirmed,No AI signal in published fields,No,,Smart City study,https://chargehub.com/en/countries/united-states/north-carolina/statesville.html,chargehub.com,Public organization or vendor,Not marked verified,
ncs-c82b60411a83,Statesville,Iredell,32181,,Public EV Charging Network,Mobility & Transport,Transportation & Mobility,Public EV Charging Infrastructure,Transportation & Mobility,Public Facing,ChargePoint,,Unconfirmed,No AI signal in published fields,No,,Smart City study,https://chargehub.com/en/countries/united-states/north-carolina/statesville.html,chargehub.com,Public organization or vendor,Not marked verified,
ncs-9399fbb4413c,Statesville,Iredell,32181,,Public EV Charging Network,Mobility & Transport,Transportation & Mobility,Public EV Charging Infrastructure,Transportation & Mobility,Public Facing,EVConnect,,Unconfirmed,No AI signal in published fields,No,,Smart City study,https://chargehub.com/en/countries/united-states/north-carolina/statesville.html,chargehub.com,Public organization or vendor,Not marked verified,
ncs-7c01f7bb432d,Statesville,Iredell,32181,,Public EV Charging Network,Mobility & Transport,Transportation & Mobility,Public EV Charging Infrastructure,Transportation & Mobility,Public Facing,Tesla,Supercharger,Unconfirmed,No AI signal in published fields,No,,Smart City study,https://chargehub.com/en/countries/united-states/north-carolina/statesville.html,chargehub.com,Public organization or vendor,Not marked verified,
ncs-8721052e4fe3,Statesville,Iredell,32181,,Traffic Cameras,Mobility & Transport,Transportation & Mobility,Intelligent Transportation Systems (ITS),Transportation & Mobility,Public Facing,NCDOT,,Unconfirmed,No AI signal in published fields,No,,Smart City study,https://www.weatherbug.com/traffic-cam/statesville-nc-28677,weatherbug.com,Public organization or vendor,Not marked verified,
ncs-1533356d72a7,Statesville,Iredell,32181,2024,Flock Safety,Safety & Resilience,Police,Flock Safety,Police,Internal,Flock Safety,,Unconfirmed,AI relevance needs review,No,,Municipal AI study,https://www.atlasofsurveillance.org/search?location=Statesville%2C+NC,atlasofsurveillance.org,Public organization or vendor,Source present; status not audited,
ncs-4195f115cd41,Statesville,Iredell,32181,,Police Axon Technology Upgrade,Safety & Resilience,Law Enforcement & Surveillance Tech,Body-Worn Cameras,Law Enforcement & Surveillance Tech,Internal,Axon,,Unconfirmed,No AI signal in published fields,No,,Smart City study,https://police.statesvillenc.net/2025/06/11/19672/statesville-police-department-upgrades-to-axon-technology-for-enhanced-safety-transparency-and-efficiency,police.statesvillenc.net,Public organization or vendor,Not marked verified,
ncs-940b73c0031e,Thomasville,Davidson,27733,,Click2Gov Online Utility Billing,Civic & Community,Citizen Services,Digital Permitting & E-Government,Citizen Services,Public Facing,CentralSquare,Click2Gov,Unconfirmed,No AI signal in published fields,No,,Smart City study,https://www.thomasville-nc.gov/residents/pay_bills/index.php,thomasville-nc.gov,Government website,Not marked verified,
ncs-af3167512c8e,Thomasville,Davidson,27733,,Smart City Program,Digital Governance & Technology,Smart City Governance & Performance,Cross-department Data Sharing & Dashboards,Smart City Governance & Performance,Public Facing,,,Unconfirmed,No AI signal in published fields,No,,Smart City study,https://spring.smartcitiesconnect.org/program/detail.html,spring.smartcitiesconnect.org,Public organization or vendor,Not marked verified,
ncs-47cce9bae566,Thomasville,Davidson,27733,,Depot Parking Lot EV Fast Charger (Thomasville),Mobility & Transport,Transportation & Mobility,Public EV Charging Infrastructure,Transportation & Mobility,Public Facing,,,Unconfirmed,No AI signal in published fields,No,,Smart City study,https://chargehub.com/en/ev-charging-stations/united-states/north-carolina/thomasville/downtown-visitor-center/electric-car-stations-near-me?locId=58054,chargehub.com,Public organization or vendor,Not marked verified,
ncs-2ed910918a0f,Thomasville,Davidson,27733,,Downtown Visitor Center EV Charging,Mobility & Transport,Transportation & Mobility,Public EV Charging Infrastructure,Transportation & Mobility,Public Facing,ChargePoint,,Unconfirmed,No AI signal in published fields,No,,Smart City study,https://chargehub.com/en/ev-charging-stations/united-states/north-carolina/thomasville/downtown-visitor-center/electric-car-stations-near-me?locId=58054,chargehub.com,Public organization or vendor,Not marked verified,
ncs-b63a3962b189,Thomasville,Davidson,27733,2024,License Plate Reader,Safety & Resilience,Police,License Plate Reader,Police,Internal,Flock Safety,License Plate Reader,Unconfirmed,AI relevance needs review,No,,Municipal AI study,https://thomasville.org/rose-net-blog-feed/flock-crime-prevention-system-proves-value,thomasville.org,Public organization or vendor,Source present; status not audited,
ncs-38bc2fe2c797,Thomasville,Davidson,27733,,Traffic Cameras,Safety & Resilience,Public Safety,ALPR & Camera Registries,Public Safety,Public Facing,NCDOT,,Unconfirmed,No AI signal in published fields,No,,Smart City study,https://www.weatherbug.com/traffic-cam/thomasville-nc-27360,weatherbug.com,Public organization or vendor,Not marked verified,
ncs-3c369d8797fb,Wake County,Wake,1257235,2024,License Plate Reader,Digital Governance & Technology,Sheriff's Office,License Plate Reader,Sheriff's Office,Internal,Flock Safety,License Plate Reader,Unconfirmed,AI relevance needs review,No,,Municipal AI study,https://www.wral.com/story/wake-county-judge-blocks-flock-safety-from-installing-more-license-plate-readers/21141525/,wral.com,News or trade publication,Source present; status not audited,
ncs-100d32593ce4,Wake County,Wake,1257235,,Open Data Portal,Digital Governance & Technology,"Data, AI & Innovation",Open Data Portals,"Data, AI & Innovation",Public Facing,,,Unconfirmed,No AI signal in published fields,No,,Smart City study,https://www.wake.gov/departments-government/information-technology/data-resources/open-data,wake.gov,Government website,Not marked verified,
ncs-5b4d1594e3b2,Wake County,Wake,1257235,,Spectrum NC GREAT Program Grant - Wake County,Digital Governance & Technology,Broadband & Connectivity,Public WiFi & Broadband Expansion,Broadband & Connectivity,Public Facing,Spectrum (Charter),Internet,Unconfirmed,No AI signal in published fields,No,,Smart City study,https://corporate.charter.com/newsroom/spectrum-awarded-north-carolina-great-program-grant-for-wake-county,corporate.charter.com,Public organization or vendor,Not marked verified,
ncs-5f14c3c10854,Wake County,Wake,1257235,2024,Viya,Digital Governance & Technology,Revenue,Viya,Revenue,Internal,SAS,Viya,Unconfirmed,AI relevance needs review,No,,Municipal AI study,https://statescoop.com/machine-learning-is-helping-this-north-carolina-county-keep-up-on-property-assessments/,statescoop.com,Public organization or vendor,Source present; status not audited,
ncs-621903f08337,Wake County,Wake,1257235,,EV Charging (Law Enforcement Training Center),Mobility & Transport,Transportation & Mobility,Public EV Charging Infrastructure,Transportation & Mobility,Public Facing,Various,,Unconfirmed,No AI signal in published fields,No,,Smart City study,https://chargehub.com/en/ev-charging-stations/united-states/north-carolina/raleigh/wake-county-law-enforcement-training-center/electric-car-stations-near-me?locId=98209,chargehub.com,Public organization or vendor,Not marked verified,
ncs-9c786fc8124a,Wake Forest,Wake,58147,,GeoCivix Electronic Plan Review,Civic & Community,Citizen Services,Digital Permitting & E-Government,Citizen Services,Public Facing,GeoCivix (IDTPlans),Electronic Plan Review Software (idtPlans Review),Unconfirmed,No AI signal in published fields,No,,Smart City study,https://www.wakeforestnc.gov/planning/electronic-plan-review,wakeforestnc.gov,Government website,Not marked verified,
ncs-cf1ff4d09dd7,Wake Forest,Wake,58147,,Wayfinding for Parks & Greenways Phase I,Civic & Community,Public Communications / PIO,Digital Signage & Wayfinding,Public Communications / PIO,Public Facing,Kimley-Horn,,Unconfirmed,No AI signal in published fields,No,,Smart City study,https://www.wakeforestnc.gov/transportation/transportation-projects/archive-completed-projects/wayfinding-parks-greenways-phase,wakeforestnc.gov,Government website,Not marked verified,
ncs-347efa1f3b16,Wake Forest,Wake,58147,,Brightspeed Fiber Launch,Digital Governance & Technology,Broadband & Connectivity,Public WiFi & Broadband Expansion,Broadband & Connectivity,Public Facing,Brightspeed,Fiber Internet,Unconfirmed,No AI signal in published fields,No,,Smart City study,https://bbcmag.com/brightspeed-launches-fiber-internet-to-thousands-in-wake-forest/,bbcmag.com,Public organization or vendor,Not marked verified,
ncs-8206e6f9f919,Wake Forest,Wake,58147,,Downtown Cell Phone Charging Towers & Free WiFi,Digital Governance & Technology,Broadband & Connectivity,Public WiFi & Broadband Expansion,Broadband & Connectivity,Public Facing,,,Unconfirmed,No AI signal in published fields,No,,Smart City study,https://www.wakeforestnc.gov/downtown-development/experience-downtown-wake-forest/electric-vehicle-cell-phone-charging-stations,wakeforestnc.gov,Government website,Not marked verified,
ncs-ee6de6920dc0,Wake Forest,Wake,58147,,Downtown IoT Sensors,Digital Governance & Technology,Information Technology (IT),Edge Computing & IoT Sensors,Information Technology (IT),Internal,,,Unconfirmed,No AI signal in published fields,No,,Smart City study,https://www.wakeforestnc.gov/news/wake-forest-installs-downtown-iot-sensors,wakeforestnc.gov,Government website,Not marked verified,
ncs-be85af0233ee,Wake Forest,Wake,58147,,Enterprise GIS,Digital Governance & Technology,GIS & Planning,Enterprise GIS,GIS & Planning,Internal,Esri,ArcGIS,Unconfirmed,No AI signal in published fields,No,,Smart City study,https://www.wakeforestnc.gov/gis,wakeforestnc.gov,Government website,Not marked verified,
ncs-226bbe6056d3,Wake Forest,Wake,58147,,GFiber Buildout,Digital Governance & Technology,Broadband & Connectivity,Public WiFi & Broadband Expansion,Broadband & Connectivity,Public Facing,Gfiber,GFiber,Unconfirmed,No AI signal in published fields,No,,Smart City study,https://fiber.google.com/blog/2025/12/happy-holidays-wake-forest-gfiber-is.html,fiber.google.com,Public organization or vendor,Not marked verified,
ncs-7efeedbc10d9,Wake Forest,Wake,58147,,Municipal Fiber Network,Digital Governance & Technology,Broadband & Connectivity,Public WiFi & Broadband Expansion,Broadband & Connectivity,Internal,CTC Technology & Energy,,Unconfirmed,No AI signal in published fields,No,,Smart City study,https://www.wakeforestnc.gov/news/town-begins-installing-high-speed-fiber-network,wakeforestnc.gov,Government website,Not marked verified,
ncs-730de810c7db,Wake Forest,Wake,58147,,Ting Fiber (Downtown),Digital Governance & Technology,Broadband & Connectivity,Public WiFi & Broadband Expansion,Broadband & Connectivity,Public Facing,Ting (Tucows),Fiber Internet,Unconfirmed,No AI signal in published fields,No,,Smart City study,https://www.discoverwakeforest.org/news-1/2024/2/ting-internet-partnering-with-town-to-extend-fiber-to-downtown-wake-forest-businesses,discoverwakeforest.org,Public organization or vendor,Not marked verified,
ncs-6024030d443f,Wake Forest,Wake,58147,,Wireless Research Center of NC,Economy & Administration,Economic Development,Economic Development / Certified Smart Sites,Economic Development,Public Facing,,,Unconfirmed,No AI signal in published fields,No,,Smart City study,https://www.wakeforestnc.gov/wireless-research-center-nc,wakeforestnc.gov,Government website,Not marked verified,
ncs-e4ae8087f253,Wake Forest,Wake,58147,,Downtown EV Charging Stations,Mobility & Transport,Transportation & Mobility,Public EV Charging Infrastructure,Transportation & Mobility,Public Facing,NC State University,Solar Center,Unconfirmed,No AI signal in published fields,No,,Smart City study,https://www.wakeforestnc.gov/downtown-development/experience-downtown-wake-forest/electric-vehicle-cell-phone-charging-stations,wakeforestnc.gov,Government website,Not marked verified,
ncs-f23cf564f771,Wake Forest,Wake,58147,,Downtown EV Charging Stations,Mobility & Transport,Transportation & Mobility,Public EV Charging Infrastructure,Transportation & Mobility,Public Facing,NCDOT,,Unconfirmed,No AI signal in published fields,No,,Smart City study,https://www.wakeforestnc.gov/downtown-development/experience-downtown-wake-forest/electric-vehicle-cell-phone-charging-stations,wakeforestnc.gov,Government website,Not marked verified,
ncs-0902ca93c6be,Wake Forest,Wake,58147,,Go Wake Forest On-Demand Microtransit,Mobility & Transport,Transportation & Mobility,Microtransit & Autonomous Transit,Transportation & Mobility,Public Facing,Via,,Unconfirmed,No AI signal in published fields,No,,Smart City study,https://www.wakeforestnc.gov/transportation/go-wake-forest,wakeforestnc.gov,Government website,Not marked verified,
ncs-f9d1312ca9c6,Wake Forest,Wake,58147,2024,Flock Safety,Safety & Resilience,Police,Flock Safety,Police,Internal,Flock Safety,,Unconfirmed,AI relevance needs review,No,,Municipal AI study,https://www.wakeforestnc.gov/news/automatic-license-plate-reading-cameras-help-wfpd-solve-reduce-prevent-crime,wakeforestnc.gov,Government website,Source present; status not audited,
ncs-f05ffaecf944,Wake Forest,Wake,58147,,NCDOT Traffic Cameras,Safety & Resilience,Public Safety,ALPR & Camera Registries,Public Safety,Public Facing,NCDOT,,Unconfirmed,No AI signal in published fields,No,,Smart City study,https://www.weatherbug.com/traffic-cam/wake-forest-nc-27587,weatherbug.com,Public organization or vendor,Not marked verified,
ncs-6d82231d1cc4,Wendell,Wake,19687,,Online Permitting and Plan Review,Civic & Community,Citizen Services,Digital Permitting & E-Government,Citizen Services,Public Facing,GeoCivix (IDTPlans),Citizen Access Portal,Unconfirmed,No AI signal in published fields,No,,Smart City study,https://townofwendellnc.gov/departments/planning/building_permits/index.php,townofwendellnc.gov,Government website,Not marked verified,
ncs-0094c429a0ca,Wendell,Wake,19687,,Public Service Request Portal,Civic & Community,Community Engagement,311 & Crowdsourcing Civic Apps,Community Engagement,Public Facing,Revize,Public Service Request System,Unconfirmed,No AI signal in published fields,No,,Smart City study,https://cms.revize.com/revize/apps/revize_psr/public/index.php?client_department_id=488,cms.revize.com,Public organization or vendor,Not marked verified,
ncs-a6ccf92d54d2,Wendell,Wake,19687,,Downtown and Park Public WiFi,Digital Governance & Technology,Broadband & Connectivity,Public WiFi & Broadband Expansion,Broadband & Connectivity,Public Facing,,,Unconfirmed,No AI signal in published fields,No,,Smart City study,https://townofwendellnc.gov/departments/information_technology/downtownwifi.php,townofwendellnc.gov,Government website,Not marked verified,
ncs-f44116ddb636,Wendell,Wake,19687,,Interactive Development Map,Digital Governance & Technology,GIS & Planning,Enterprise GIS,GIS & Planning,Public Facing,Esri,ArcGIS Map Viewer,Operational,No AI signal in published fields,No,,Smart City study,https://wendell-plan.maps.arcgis.com/apps/mapviewer/index.html?webmap=c48559f7d32d44228228bfa3286e4897,wendell-plan.maps.arcgis.com,Public organization or vendor,Not marked verified,
ncs-a0e9de7d3e5c,Wendell,Wake,19687,,Downtown EV Charging Stations,Mobility & Transport,Transportation & Mobility,Public EV Charging Infrastructure,Transportation & Mobility,Public Facing,,,Unconfirmed,No AI signal in published fields,No,,Smart City study,https://townofwendellnc.gov/departments/economic_development/electric_vehicle_charging_stations.php,townofwendellnc.gov,Government website,Not marked verified,
ncs-b7ac97b6dc8f,Wendell,Wake,19687,,Northeast SmartRide Microtransit,Mobility & Transport,Transportation & Mobility,Microtransit & Autonomous Transit,Transportation & Mobility,Public Facing,GoWake,SmartRide NE,Unconfirmed,No AI signal in published fields,No,,Smart City study,https://d3n9y02raazwpg.cloudfront.net/townofwendellnc/a1e091e9-a738-11ef-ab4b-005056a89546-8dd5f0ea-4729-45e1-ab18-65421e7cc171-1755716710.pdf,d3n9y02raazwpg.cloudfront.net,Public organization or vendor,Not marked verified,
ncs-2881bf883564,Wilmington,New Hanover,126809,,GIS Hub / ArcGIS Online,Digital Governance & Technology,GIS & Planning,Enterprise GIS,GIS & Planning,Public Facing,Esri,ArcGIS Online,Unconfirmed,No AI signal in published fields,No,,Smart City study,https://wilmingtonnc.maps.arcgis.com/,wilmingtonnc.maps.arcgis.com,Public organization or vendor,Not marked verified,
ncs-8af087bf85b8,Wilmington,New Hanover,126809,,Metronet Fiber,Digital Governance & Technology,Broadband & Connectivity,Public WiFi & Broadband Expansion,Broadband & Connectivity,Public Facing,Metronet,Fiber Internet,Unconfirmed,No AI signal in published fields,No,,Smart City study,https://www.metronet.com/blog/press-release/wilmington-now-powered-by-metronets-ultrafast-fiber-optic-internet,metronet.com,Public organization or vendor,Not marked verified,
ncs-a21ddb245409,Wilmington,New Hanover,126809,,Water Meter Replacement Program,Infrastructure & Utilities,Smart Water Meters & AMI,Smart Water Meters & AMI,Smart Water Meters & AMI,Public Facing,Itron,,Unconfirmed,No AI signal in published fields,No,,Smart City study,https://wilmingtondewater.gov/188/Water-Meter-Replacement-Program,wilmingtondewater.gov,Government website,Not marked verified,
ncs-44d5bdb7845b,Wilmington,New Hanover,126809,,City EV Charging Stations,Mobility & Transport,Transportation & Mobility,Public EV Charging Infrastructure,Transportation & Mobility,Public Facing,,,Unconfirmed,No AI signal in published fields,No,,Smart City study,https://www.wilmingtonnc.gov/Services/Community-Building/Sustainability/Electric-Vehicles,wilmingtonnc.gov,Government website,Not marked verified,
ncs-ca6cc34d8111,Wilmington,New Hanover,126809,,ParkMobile,Mobility & Transport,Transportation & Mobility,Smart Parking & Curb Management,Transportation & Mobility,Public Facing,ParkMobile,Municipalities,Unconfirmed,No AI signal in published fields,No,,Smart City study,https://wilmington.parkmobile.us/,wilmington.parkmobile.us,Public organization or vendor,Not marked verified,
ncs-4ef2584e3c76,Wilmington,New Hanover,126809,,Signal Preemption for Emergency Vehicles (Phase II),Mobility & Transport,Transportation & Mobility,Adaptive Traffic Signal Control & Transit Preemption,Transportation & Mobility,Internal,,,Unconfirmed,No AI signal in published fields,No,,Smart City study,https://www.wilmingtonnc.gov/Connect-With-Us/Doing-Business-with-the-City/Current-Bids/SIGNAL-PRE-EMPTION-FOR-EMERGENCY-VEHICLES-PHASE-II,wilmingtonnc.gov,Government website,Not marked verified,
ncs-8dfd148ee93e,Wilmington,New Hanover,126809,,ShotSpotter Gunshot Detection,Safety & Resilience,Public Safety,Gunshot Detection,Public Safety,Internal,SoundThinking,ShotSpotter,Unconfirmed,AI relevance needs review,No,,Smart City study + Municipal AI study,https://carolinapublicpress.org/56176/fayetteville-approves-gunshot-detection-system-despite-concerns-of-effectiveness/,carolinapublicpress.org,Public organization or vendor,Not marked verified,
ncs-c005bcf344a4,Wilmington,New Hanover,126809,,Traffic Cameras,Safety & Resilience,Public Safety,ALPR & Camera Registries,Public Safety,Public Facing,,,Unconfirmed,No AI signal in published fields,No,,Smart City study,https://www.wilmingtonnc.gov/Services/Traffic-Engineering,wilmingtonnc.gov,Government website,Not marked verified,
ncs-809fc18fe694,Wilson,Wilson,49572,,Online Building Permits,Civic & Community,Citizen Services,Digital Permitting & E-Government,Citizen Services,Public Facing,Trimble (Cityworks),Cityworks PLL Permitting Portal,Unconfirmed,No AI signal in published fields,No,,Smart City study,https://www.wilsonnc.org/residents/all-departments/development-services/permits/online-building-permits,wilsonnc.org,Public organization or vendor,Not marked verified,
ncs-524495e8a34f,Wilson,Wilson,49572,,Greenlight Commercial Broadband / GigEast Exchange,Digital Governance & Technology,Broadband & Connectivity,Public WiFi & Broadband Expansion,Broadband & Connectivity,Public Facing,Greenlight,GigEast Exchange,Unconfirmed,No AI signal in published fields,No,,Smart City study,https://www.greenlightnc.com/our-services/commercial-services,greenlightnc.com,Public organization or vendor,Not marked verified,
ncs-d07750ab9183,Wilson,Wilson,49572,,Greenlight Community Broadband Fiber Network (Wilson),Digital Governance & Technology,Broadband & Connectivity,Public WiFi & Broadband Expansion,Broadband & Connectivity,Public Facing,Greenlight,Community Broadband,Unconfirmed,No AI signal in published fields,No,,Smart City study,https://www.greenlightnc.com/connecting-wilson/smart-city,greenlightnc.com,Public organization or vendor,Not marked verified,
ncs-b06dbef908ce,Wilson,Wilson,49572,,Greenlight SmartBiz Managed WiFi,Digital Governance & Technology,Broadband & Connectivity,Public WiFi & Broadband Expansion,Broadband & Connectivity,Public Facing,Greenlight,SmartBiz Managed WiFi,Unconfirmed,No AI signal in published fields,No,,Smart City study,https://www.greenlightnc.com/our-services/commercial-services,greenlightnc.com,Public organization or vendor,Not marked verified,
ncs-30567848297d,Wilson,Wilson,49572,,Smart Agriculture Test Bed,Digital Governance & Technology,Information Technology (IT),Edge Computing & IoT Sensors,Information Technology (IT),Internal,RIoT,The Source,Unconfirmed,No AI signal in published fields,No,,Smart City study,https://www.gigeast.com/wilsons-smart-agriculture-test-bed-moves-from-launch-to-active-trials/,gigeast.com,Public organization or vendor,Not marked verified,
ncs-f16f805f153a,Wilson,Wilson,49572,,Smart City,Digital Governance & Technology,Smart City Governance & Performance,Cross-department Data Sharing & Dashboards,Smart City Governance & Performance,Public Facing,Greenlight,,Unconfirmed,No AI signal in published fields,No,,Smart City study,https://www.greenlightnc.com/connecting-wilson/smart-city,greenlightnc.com,Public organization or vendor,Not marked verified,
ncs-a93ab999b01d,Wilson,Wilson,49572,2024,Smart City,Safety & Resilience,Police,Smart City,Police,Internal,VisionCraft,Smart City,Unconfirmed,AI relevance needs review,No,,Municipal AI study,https://www.wral.com/business/technology/wilson-sets-example-for-tech-investment-growth-june-2025/,wral.com,News or trade publication,Source present; status not audited,
ncs-db4d279f79a0,Winston-Salem,Forsyth,257271,,I-Net Fiber (NCDOT Traffic Signal Partnership),Digital Governance & Technology,Broadband & Connectivity,Public WiFi & Broadband Expansion,Broadband & Connectivity,Internal,,,Unconfirmed,No AI signal in published fields,No,,Smart City study,https://ilsr.org/article/community-broadband-networks/traffic-project-gets-fiber-in-the-ground-in-winston-salem-nc/,ilsr.org,Public organization or vendor,Not marked verified,
ncs-a3eb1faeff7c,Winston-Salem,Forsyth,257271,,IT Strategic Plan & Open Data Policy,Digital Governance & Technology,"Data, AI & Innovation",Open Data Portals,"Data, AI & Innovation",Internal,,,Unconfirmed,No AI signal in published fields,No,,Smart City study,https://www.cityofws.org/2319/Strategic-Initiatives,cityofws.org,Municipal or government website,Not marked verified,
ncs-d4b83d03b930,Winston-Salem,Forsyth,257271,,Open Information Center (Open Data),Digital Governance & Technology,"Data, AI & Innovation",Open Data Portals,"Data, AI & Innovation",Public Facing,Esri,ArcGIS Hub,Unconfirmed,No AI signal in published fields,No,,Smart City study,https://wsoic.cityofws.org/,wsoic.cityofws.org,Municipal or government website,Not marked verified,
ncs-f2d09c5e64f0,Winston-Salem,Forsyth,257271,,WaterSavvy Smart Water Meter Program,Infrastructure & Utilities,Water Utilities & Wastewater,Predictive Water Maintenance,Water Utilities & Wastewater,Public Facing,Concord Utility Services,,Unconfirmed,No AI signal in published fields,No,,Smart City study,https://www.cityofws.org/2735/WaterSavvy,cityofws.org,Municipal or government website,Not marked verified,
ncs-8d5d740d27d7,Winston-Salem,Forsyth,257271,,WaterSavvy Smart Water Meter Program,Infrastructure & Utilities,Water Utilities & Wastewater,Predictive Water Maintenance,Water Utilities & Wastewater,Public Facing,Sensus,,Unconfirmed,No AI signal in published fields,No,,Smart City study,https://www.cityofws.org/2735/WaterSavvy,cityofws.org,Municipal or government website,Not marked verified,
ncs-65ab0edfac2c,Winston-Salem,Forsyth,257271,,Computerized Traffic Signal System (WSDOT),Mobility & Transport,Transportation & Mobility,Adaptive Traffic Signal Control & Transit Preemption,Transportation & Mobility,Public Facing,,,Unconfirmed,No AI signal in published fields,No,,Smart City study,https://www.cityofws.org/889/Traffic-Signals,cityofws.org,Municipal or government website,Not marked verified,
ncs-8a5a506d9abc,Winston-Salem,Forsyth,257271,,Municipal Fleet AVL,Mobility & Transport,Fleet Management,Automatic Vehicle Location (AVL) & Fleet Telematics,Fleet Management,Internal,,,Unconfirmed,No AI signal in published fields,No,,Smart City study,https://it.nc.gov/documents/files/understanding-smart-cities-geospatial-perspective/download,it.nc.gov,Government website,Not marked verified,
ncs-ab2e09140b81,Winston-Salem,Forsyth,257271,,Downtown Camera Management Platform,Safety & Resilience,Public Safety,Video Management & Camera Fusion Platforms,Public Safety,Internal,,,Unconfirmed,No AI signal in published fields,No,,Smart City study,https://it.nc.gov/documents/files/understanding-smart-cities-geospatial-perspective/download,it.nc.gov,Government website,Not marked verified,
ncs-b7e3b46680e1,Winston-Salem,Forsyth,257271,2024,License Plate Reader,Safety & Resilience,Police,License Plate Reader,Police,Internal,Flock Safety,License Plate Reader,Unconfirmed,AI relevance needs review,No,,Municipal AI study,https://www.cityofws.org/3241/What-is-Automated-License-Plate-Reader-T,cityofws.org,Municipal or government website,Source present; status not audited,
ncs-6cdfeed26637,Winston-Salem,Forsyth,257271,,PD Drone as First Responder (DFR) Program,Safety & Resilience,Public Safety,Drone as First Responder,Public Safety,Internal,Skydio,Drone First Responder (DFR),Unconfirmed,No AI signal in published fields,No,,Smart City study,https://www.wfmynews2.com/article/news/local/drone-program-helps-winston-salem-police-department-respond-faster-to-emergencies/83-c2e4809b-50b7-464c-ab63-e05c3d335e33,wfmynews2.com,Public organization or vendor,Not marked verified,
ncs-354f726ebaf1,Winston-Salem,Forsyth,257271,,Police Drones as First Responder (DFR),Safety & Resilience,Public Safety,Drone as First Responder,Public Safety,Internal,,,Unconfirmed,No AI signal in published fields,No,,Smart City study,https://www.wfae.org/show/charlotte-talks-with-mike-collins/2025-11-12/eyes-in-the-sky-police-drones-and-public-safety,wfae.org,Public organization or vendor,Not marked verified,
ncs-a81c9b2a652a,Zebulon,Wake,11933,,Online Building Permit Portal,Civic & Community,Citizen Services,Digital Permitting & E-Government,Citizen Services,Public Facing,GeoCivix (IDTPlans),Citizen Access Portal,Unconfirmed,No AI signal in published fields,No,,Smart City study,https://www.townofzebulon.org/departments/planning/building-permits,townofzebulon.org,Municipal or government website,Not marked verified,
ncs-eb539564cae1,Zebulon,Wake,11933,,Report a Problem Portal,Civic & Community,Community Engagement,311 & Crowdsourcing Civic Apps,Community Engagement,Public Facing,Cognito Forms,Cognito Forms,Unconfirmed,No AI signal in published fields,No,,Smart City study,https://www.townofzebulon.org/report-problem,townofzebulon.org,Municipal or government website,Not marked verified,
ncs-b72d009acbb4,Zebulon,Wake,11933,,Financial Transparency Dashboard,Digital Governance & Technology,Smart City Governance & Performance,Cross-department Data Sharing & Dashboards,Smart City Governance & Performance,Public Facing,Edmunds GovTech,,Unconfirmed,No AI signal in published fields,No,,Smart City study,https://www.townofzebulon.org/services/finance,townofzebulon.org,Municipal or government website,Not marked verified,
ncs-9ba2b976af48,Zebulon,Wake,11933,,Interactive Development Dashboard,Digital Governance & Technology,GIS & Planning,Enterprise GIS,GIS & Planning,Public Facing,Esri,ArcGIS Experience Builder,Operational,No AI signal in published fields,No,,Smart City study,https://experience.arcgis.com/experience/c1cbc60e7db543b89bde685d06ef9902,experience.arcgis.com,Public organization or vendor,Not marked verified,
ncs-baa45f172614,Zebulon,Wake,11933,,Area Traffic Cameras (NCDOT CCTV),Mobility & Transport,Transportation & Mobility,Intelligent Transportation Systems (ITS),Transportation & Mobility,Public Facing,NCDOT,,Unconfirmed,No AI signal in published fields,No,,Smart City study,https://www.weatherbug.com/traffic-cam/zebulon-nc-27597,weatherbug.com,Public organization or vendor,Not marked verified,
ncs-e20b2143bf90,Zebulon,Wake,11933,,Northeast SmartRide Microtransit,Mobility & Transport,Transportation & Mobility,Microtransit & Autonomous Transit,Transportation & Mobility,Public Facing,GoWake,SmartRide NE,Unconfirmed,No AI signal in published fields,No,,Smart City study,https://www.townofzebulon.org/sites/default/files/uploads/agendas/01-05-2026-agenda-packet-ver-2.pdf,townofzebulon.org,Municipal or government website,Not marked verified,
